Objects,,,,,,,
100,,,,,,,
,,Global Angle jet1:jet1,,,,,
Frame,Sub Frame,RX,RY,RZ,TX,TY,TZ
,,rad,rad,rad,mm,mm,mm
1,0,0.005042,0.002798,-0.141705,74.016541,102.971489,157.237061
2,0,0.006158,0.003137,-0.142559,74.058289,102.892799,157.212357
3,0,0.004806,0.002808,-0.141658,74.016991,102.964493,157.226013
4,0,0.006306,0.00312,-0.142575,74.060173,102.871353,157.209061
5,0,0.006287,0.003088,-0.142616,74.074547,102.878067,157.221527
6,0,0.00624,0.003072,-0.142572,74.055511,102.870003,157.216629
7,0,0.004561,0.002851,-0.141544,74.046333,102.986847,157.218231
8,0,0.004609,0.002909,-0.14161,74.013748,102.977806,157.196671
9,0,0.006359,0.003203,-0.142581,74.066322,102.895073,157.220047
10,0,0.004551,0.002846,-0.141602,74.044357,103.002289,157.18396
11,0,0.006885,0.002854,-0.142598,74.056549,102.844315,157.165054
12,0,0.006087,0.003076,-0.14256,74.068802,102.904449,157.196548
13,0,0.004586,0.002907,-0.141622,74.022293,102.983231,157.185043
14,0,0.0064,0.003162,-0.142661,74.053085,102.866409,157.201614
15,0,0.006232,0.00319,-0.142522,74.048775,102.880478,157.189377
16,0,0.006498,0.003191,-0.14273,74.070038,102.875633,157.192627
17,0,0.006126,0.003097,-0.142514,74.066948,102.899849,157.191544
18,0,0.006348,0.003162,-0.142584,74.065979,102.876823,157.200989
19,0,0.005103,0.003015,-0.141982,74.031586,102.933693,157.177917
20,0,0.005906,0.00305,-0.142449,74.029869,102.894821,157.185181
21,0,0.004824,0.002724,-0.141722,74.021957,102.965034,157.215881
22,0,0.006154,0.003044,-0.142599,74.065277,102.86496,157.226135
23,0,0.004801,0.002879,-0.141667,74.029366,102.969818,157.223251
24,0,0.006139,0.00312,-0.142673,74.077042,102.857262,157.2117
25,0,0.00632,0.003137,-0.142642,74.063339,102.838104,157.224777
26,0,0.004737,0.002697,-0.141626,74.007553,102.942085,157.23259
27,0,0.005006,0.002844,-0.141841,74.025345,102.944344,157.225174
28,0,0.006105,0.00313,-0.142628,74.045662,102.861801,157.211853
29,0,0.00629,0.003113,-0.142614,74.04834,102.837379,157.212357
30,0,0.004877,0.002876,-0.141671,74.016678,102.956863,157.239731
31,0,0.005964,0.003097,-0.142452,74.070084,102.854713,157.215622
32,0,0.006106,0.003084,-0.142551,74.084038,102.858215,157.225021
33,0,0.004719,0.002757,-0.141606,74.001633,102.956772,157.243179
34,0,0.006195,0.003096,-0.142545,74.058006,102.861664,157.224304
35,0,0.006117,0.003036,-0.142242,74.009102,102.810555,157.236664
36,0,0.006192,0.003125,-0.1426,74.047287,102.856094,157.23848
37,0,0.005958,0.003173,-0.142611,74.042709,102.849892,157.221878
38,0,0.006277,0.003151,-0.142653,74.069695,102.847099,157.23111
39,0,0.006241,0.003068,-0.142639,74.069473,102.846039,157.236633
40,0,0.004883,0.00295,-0.141691,73.994705,102.959404,157.227249
41,0,0.00466,0.002789,-0.141676,74.018982,102.972908,157.236404
42,0,0.006091,0.003061,-0.142604,74.060661,102.865166,157.220749
43,0,0.005923,0.003044,-0.142506,74.050652,102.868881,157.221664
44,0,0.006064,0.003135,-0.142529,74.051132,102.856178,157.240448
45,0,0.00646,0.003215,-0.14266,74.064941,102.84314,157.249374
46,0,0.006068,0.003112,-0.142484,74.045303,102.867889,157.233658
47,0,0.006769,0.002829,-0.142524,74.047905,102.836487,157.19635
48,0,0.004772,0.002813,-0.141653,73.999252,102.973495,157.226715
49,0,0.0066,0.002828,-0.142427,74.051392,102.853867,157.185699
50,0,0.00491,0.002848,-0.141419,74.000153,102.898796,157.213104
51,0,0.006028,0.003024,-0.142576,74.079887,102.865463,157.22789
52,0,0.004799,0.002844,-0.141626,74.01049,102.985146,157.231415
53,0,0.004719,0.002897,-0.141799,74.023544,102.948891,157.19165
54,0,0.006361,0.002994,-0.142376,74.037392,102.820389,157.221115
55,0,0.005256,0.002791,-0.142068,74.035759,102.947044,157.205368
56,0,0.006202,0.003025,-0.142614,74.066956,102.888588,157.205032
57,0,0.004754,0.002735,-0.141289,74.009338,102.931229,157.217133
58,0,0.006334,0.003046,-0.142335,74.057396,102.82605,157.213928
59,0,0.004684,0.002845,-0.141679,74.074158,102.974579,157.198975
60,0,0.00611,0.003091,-0.142554,74.083282,102.89061,157.207245
61,0,0.00629,0.003101,-0.142573,74.080177,102.878952,157.211792
62,0,0.006317,0.003011,-0.142631,74.073891,102.877281,157.213242
63,0,0.006223,0.003129,-0.142592,74.077591,102.88063,157.215637
64,0,0.00613,0.003126,-0.142487,74.077347,102.88562,157.210098
65,0,0.006321,0.003013,-0.142287,74.052986,102.821259,157.228775
66,0,0.006201,0.003113,-0.142626,74.07869,102.885666,157.221069
67,0,0.006376,0.003075,-0.142708,74.074753,102.886185,157.233932
68,0,0.006275,0.003025,-0.14226,74.056824,102.838158,157.218887
69,0,0.004772,0.002813,-0.141632,74.07354,103.003471,157.213455
70,0,0.006363,0.003131,-0.142647,74.111458,102.901573,157.233871
71,0,0.006307,0.003119,-0.142567,74.088226,102.898331,157.23262
72,0,0.006365,0.003068,-0.142607,74.059769,102.913315,157.220901
73,0,0.006098,0.003105,-0.14252,74.056152,102.896408,157.233871
74,0,0.006739,0.00293,-0.142428,74.064323,102.863831,157.193497
75,0,0.006258,0.003173,-0.142586,74.058121,102.890129,157.217392
76,0,0.00601,0.003239,-0.142413,74.072433,102.891296,157.21608
77,0,0.006189,0.003177,-0.142565,74.088455,102.887512,157.230042
78,0,0.00611,0.003142,-0.142575,74.072304,102.910736,157.227417
79,0,0.004628,0.002788,-0.141651,74.023727,103.001411,157.240616
80,0,0.00597,0.003129,-0.142436,74.04039,102.917427,157.209885
81,0,0.005887,0.003159,-0.142443,74.069458,102.907486,157.219208
82,0,0.005995,0.00308,-0.142562,74.05616,102.901802,157.221802
83,0,0.006233,0.003101,-0.142563,74.052689,102.887131,157.218094
84,0,0.006088,0.003132,-0.142513,74.054535,102.864532,157.222565
85,0,0.005221,0.002896,-0.141953,74.037415,102.919754,157.233292
86,0,0.006258,0.003041,-0.142608,74.08918,102.878494,157.225906
87,0,0.006241,0.003128,-0.142559,74.085419,102.887314,157.206284
88,0,0.004772,0.002771,-0.141659,74.023094,102.983459,157.230362
89,0,0.004529,0.002846,-0.141603,74.029778,102.989159,157.222595
90,0,0.006253,0.003108,-0.142658,74.085358,102.865334,157.221802
91,0,0.006197,0.003073,-0.142573,74.075043,102.867973,157.21312
92,0,0.00638,0.003159,-0.142649,74.069862,102.882286,157.217606
93,0,0.004754,0.003021,-0.141644,74.037704,102.97966,157.211914
94,0,0.006309,0.003096,-0.14264,74.044373,102.864166,157.209686
95,0,0.00468,0.002717,-0.141677,74.019379,102.966782,157.227371
96,0,0.004662,0.00288,-0.141686,74.064484,102.962852,157.195358
97,0,0.004555,0.002869,-0.141621,74.066643,102.990021,157.216949
98,0,0.006324,0.003135,-0.142605,74.100243,102.875229,157.219742
99,0,0.005989,0.003061,-0.14251,74.084816,102.877831,157.215683
100,0,0.006158,0.003045,-0.142513,74.059013,102.876862,157.21106
101,0,0.005008,0.002977,-0.141799,74.040718,102.968521,157.202682
102,0,0.005975,0.003018,-0.142535,74.048714,102.875908,157.208496
103,0,0.006159,0.00307,-0.142594,74.077034,102.880478,157.205063
104,0,0.004931,0.002786,-0.141743,74.033867,102.972824,157.225784
105,0,0.004535,0.002763,-0.141585,74.047775,102.985916,157.223846
106,0,0.006009,0.003049,-0.142534,74.085083,102.872993,157.21524
107,0,0.006217,0.003112,-0.142599,74.09494,102.863884,157.22966
108,0,0.005915,0.00312,-0.142492,74.090721,102.875183,157.234512
109,0,0.006245,0.003133,-0.142666,74.07196,102.873703,157.219009
110,0,0.006154,0.003084,-0.142598,74.076813,102.874771,157.223938
111,0,0.006277,0.003074,-0.142691,74.104927,102.863716,157.257111
112,0,0.006372,0.003101,-0.142648,74.118118,102.868652,157.240692
113,0,0.006083,0.003013,-0.142232,74.054588,102.844482,157.233078
114,0,0.005072,0.002807,-0.14182,74.031738,102.990028,157.242096
115,0,0.006005,0.003107,-0.142478,74.075111,102.904137,157.206207
116,0,0.006213,0.00312,-0.14222,74.037407,102.858589,157.201828
117,0,0.006167,0.003047,-0.142594,74.086632,102.898079,157.208817
118,0,0.006425,0.003177,-0.142656,74.092712,102.886375,157.211456
119,0,0.006168,0.00317,-0.14256,74.100739,102.914757,157.215347
120,0,0.006198,0.003117,-0.14259,74.084015,102.912399,157.201447
121,0,0.00609,0.003087,-0.142497,74.076324,102.923203,157.19426
122,0,0.006206,0.003231,-0.142572,74.095955,102.922653,157.200882
123,0,0.00626,0.003098,-0.142568,74.075417,102.925209,157.187927
124,0,0.004785,0.002783,-0.141619,74.039116,102.989708,157.205383
125,0,0.006722,0.002916,-0.142433,74.082024,102.868523,157.154846
126,0,0.006349,0.003101,-0.14263,74.091904,102.888412,157.211853
127,0,0.006221,0.003083,-0.142542,74.070938,102.887047,157.205826
128,0,0.004875,0.002913,-0.141743,74.073029,102.984451,157.197617
129,0,0.006268,0.00314,-0.142527,74.061935,102.890739,157.205856
130,0,0.004373,0.00292,-0.141438,74.042747,103.003876,157.208847
131,0,0.006235,0.003078,-0.142212,74.046379,102.835571,157.224625
132,0,0.004531,0.002887,-0.141601,74.049103,102.986618,157.200897
133,0,0.006862,0.002904,-0.142464,74.08831,102.863319,157.174576
134,0,0.004609,0.002869,-0.141548,74.037598,103.005913,157.214676
135,0,0.005602,0.002951,-0.142156,74.044304,102.931358,157.23082
136,0,0.006304,0.003154,-0.142634,74.059418,102.870674,157.229568
137,0,0.00626,0.003087,-0.142668,74.069862,102.866905,157.232086
138,0,0.006075,0.003133,-0.142556,74.057739,102.862114,157.213898
139,0,0.004481,0.002884,-0.141582,74.041206,102.969475,157.211746
140,0,0.00468,0.00275,-0.141615,74.014832,102.966187,157.245911
141,0,0.005591,0.002844,-0.141772,74.017715,102.864349,157.227676
142,0,0.006065,0.003094,-0.14247,74.051239,102.870285,157.215088
143,0,0.0062,0.003078,-0.14259,74.062614,102.847618,157.233459
144,0,0.004894,0.003017,-0.141727,74.051292,102.953239,157.218292
145,0,0.006111,0.003192,-0.142505,74.062782,102.846283,157.222687
146,0,0.006052,0.003051,-0.142573,74.071388,102.856232,157.22995
147,0,0.006135,0.00308,-0.142568,74.063683,102.855286,157.226654
148,0,0.006311,0.002961,-0.142328,74.040642,102.791389,157.245956
149,0,0.006044,0.002992,-0.142119,74.040222,102.82222,157.235855
150,0,0.005915,0.003046,-0.142427,74.077606,102.875908,157.235626
151,0,0.005068,0.002465,-0.141389,74.011978,102.960785,157.199188
152,0,0.006128,0.002825,-0.142467,74.063789,102.864372,157.239319
153,0,0.006517,0.001218,-0.142675,74.24514,102.867142,157.362595
154,0,0.005458,-0.000383,-0.141943,74.898842,102.919609,157.468475
155,0,0.00859,0.001771,-0.143136,76.029678,102.918182,157.21843
156,0,0.00427,0.002625,-0.141482,76.871437,102.892517,157.153412
157,0,0.004472,0.003621,-0.141356,77.700516,102.905624,157.11525
158,0,0.006075,0.002788,-0.142071,78.546661,102.860329,157.308884
159,0,0.005926,0.000314,-0.141987,79.481453,102.834305,157.509644
160,0,0.008645,0.001219,-0.142079,80.69072,102.81543,157.465469
161,0,0.006151,0.002025,-0.141754,81.860565,102.771378,157.423309
162,0,0.005885,0.003826,-0.141717,83.065895,102.793732,157.289017
163,0,0.006726,0.003605,-0.142113,84.139473,102.808151,157.373947
164,0,0.004016,0.002051,-0.140264,84.935081,102.806618,157.394104
165,0,0.004638,0.00123,-0.140288,85.769928,102.746552,157.475876
166,0,0.007283,0.001993,-0.141086,86.816795,102.5243,157.43483
167,0,0.005542,0.003,-0.14047,87.748268,102.640755,157.435837
168,0,0.008135,0.003777,-0.14158,88.700745,102.520508,157.359512
169,0,0.006951,0.00315,-0.141165,89.415596,102.479713,157.411301
170,0,0.006244,0.002344,-0.140469,90.111382,102.537682,157.520676
171,0,0.00686,0.002726,-0.140753,90.887619,102.468727,157.481537
172,0,0.005634,0.002558,-0.139953,91.555794,102.553917,157.474869
173,0,0.00735,0.00313,-0.140251,92.234489,102.464851,157.499649
174,0,0.007529,0.002763,-0.140548,92.85878,102.428955,157.500717
175,0,0.006891,0.001365,-0.140356,93.614479,102.408569,157.571625
176,0,0.005849,-0.002059,-0.139277,94.740517,102.460716,157.853119
177,0,0.010155,-0.002126,-0.140137,96.538933,102.42466,157.753754
178,0,0.006923,-0.004361,-0.138443,98.670311,102.262413,157.982605
179,0,0.006858,-0.00336,-0.138301,101.58168,102.378494,157.984375
180,0,0.009897,-0.003119,-0.138767,104.847572,102.245857,157.825089
181,0,0.008994,-0.002986,-0.13899,108.646118,101.988632,157.902191
182,0,0.010974,-0.004198,-0.138851,113.135948,101.98024,157.909195
183,0,0.008614,-0.006943,-0.137689,117.690498,101.801834,158.140656
184,0,0.010093,-0.005588,-0.136593,123.338058,101.770393,158.005157
185,0,0.010056,-0.005132,-0.135607,129.375946,101.729553,157.949066
186,0,0.008865,-0.005001,-0.134615,135.434784,101.625763,157.891251
187,0,0.006227,-0.007111,-0.133798,141.887405,101.498505,158.178619
188,0,0.007972,-0.00729,-0.134502,148.760361,101.345665,158.210251
189,0,0.009256,-0.007271,-0.133283,156.290588,101.293655,158.195557
190,0,0.00804,-0.007425,-0.132649,164.018112,101.128433,158.393005
191,0,0.005133,-0.007276,-0.130181,172.354263,101.157883,158.464584
192,0,0.008067,-0.007023,-0.130381,180.950729,100.933311,158.649612
193,0,0.007116,-0.009206,-0.12877,190.013519,100.722198,158.683945
194,0,0.008588,-0.008145,-0.127973,199.775131,100.453957,158.574615
195,0,0.011209,-0.005095,-0.127972,209.703766,100.258232,158.497711
196,0,0.010071,-0.00519,-0.12652,219.962753,100.011391,158.405228
197,0,0.011751,-0.004626,-0.126199,230.347687,99.939369,158.567261
198,0,0.01051,-0.006545,-0.124621,241.039688,99.713882,158.669266
199,0,0.010953,-0.005531,-0.123028,251.895721,99.742287,158.762756
200,0,0.01397,-0.003024,-0.121936,263.120605,99.710724,158.666702
201,0,0.014149,-0.003398,-0.120079,274.660583,99.620506,158.751221
202,0,0.012553,-0.005469,-0.12038,286.465546,99.342064,158.735901
203,0,0.014317,-0.003365,-0.118742,298.236877,99.397987,158.491898
204,0,0.013572,-0.003843,-0.118226,310.326447,99.42807,158.500443
205,0,0.010434,-0.00601,-0.11793,322.558563,99.437073,158.758362
206,0,0.011074,-0.007278,-0.116273,334.785614,99.577141,159.079788
207,0,0.011799,-0.008781,-0.115189,346.991669,99.505737,159.274124
208,0,0.015223,-0.009284,-0.114482,359.498047,99.237572,159.588379
209,0,0.018508,-0.00783,-0.112052,371.979248,99.2799,159.824036
210,0,0.016186,-0.009868,-0.11166,384.760071,99.135277,160.052429
211,0,0.017402,-0.009389,-0.110273,397.846588,99.23819,160.016144
212,0,0.015739,-0.01085,-0.109165,411.104523,99.507812,159.809769
213,0,0.013637,-0.010589,-0.108012,425.121613,99.742493,159.445862
214,0,0.01108,-0.010836,-0.107903,439.15567,99.75972,159.107895
215,0,0.011303,-0.010061,-0.105964,453.136353,100.045189,159.117264
216,0,0.011984,-0.010581,-0.103427,467.269531,100.37233,159.412872
217,0,0.011945,-0.011718,-0.10161,481.380676,100.496925,159.811523
218,0,0.012708,-0.010243,-0.100798,495.715179,100.700844,159.975937
219,0,0.016226,-0.008068,-0.10104,510.383545,100.809845,160.161118
220,0,0.015718,-0.006672,-0.099413,525.126221,100.97905,160.082382
221,0,0.014519,-0.006102,-0.09724,539.817871,101.270256,159.84407
222,0,0.014326,-0.008554,-0.096996,554.752502,101.476616,159.945267
223,0,0.014623,-0.010295,-0.095683,570.032715,101.848259,160.073349
224,0,0.015052,-0.010814,-0.094346,584.970581,101.991974,159.909836
225,0,0.014293,-0.010834,-0.092852,600.273987,102.299995,159.828552
226,0,0.012093,-0.010665,-0.091078,615.74939,102.838234,159.93158
227,0,0.011089,-0.010467,-0.089645,631.205505,103.2547,160.038376
228,0,0.010687,-0.009537,-0.087964,646.638306,103.887581,160.147583
229,0,0.013409,-0.008063,-0.087379,662.19458,104.190956,160.327133
230,0,0.012839,-0.007778,-0.084924,677.812561,104.671158,160.432892
231,0,0.013423,-0.006077,-0.083299,693.578369,105.094444,160.4785
232,0,0.014975,-0.005772,-0.082178,709.50293,105.455017,160.716629
233,0,0.012917,-0.005598,-0.080472,725.551575,106.063858,160.654099
234,0,0.011768,-0.007097,-0.078476,741.572632,106.567574,160.701736
235,0,0.010795,-0.009435,-0.076841,757.7146,107.326447,160.849564
236,0,0.012145,-0.009173,-0.077292,773.778931,108.00235,160.909332
237,0,0.010155,-0.010373,-0.074376,789.881409,108.787521,160.838974
238,0,0.009757,-0.006103,-0.071624,806.468445,109.613304,160.619217
239,0,0.009943,-0.004111,-0.070464,822.754272,110.253967,160.473953
240,0,0.011512,-0.002751,-0.069462,839.130371,111.067795,160.721344
241,0,0.009672,-0.006859,-0.066589,855.345642,111.707092,161.073257
242,0,0.01168,-0.007395,-0.065399,871.572021,112.393112,161.106995
243,0,0.01065,-0.009565,-0.063877,888.128662,113.179337,161.259216
244,0,0.011784,-0.00864,-0.063067,904.735352,113.995712,161.201782
245,0,0.010621,-0.008209,-0.06176,921.306335,114.853188,161.019958
246,0,0.010239,-0.007597,-0.060553,937.938354,115.875954,161.117462
247,0,0.009295,-0.008417,-0.05952,954.492615,116.974762,161.294632
248,0,0.010027,-0.008265,-0.058075,971.067688,117.952019,161.512436
249,0,0.0088,-0.009825,-0.055535,987.65625,118.955406,161.620544
250,0,0.010322,-0.008408,-0.054671,1004.247681,119.900284,161.515015
251,0,0.01003,-0.008464,-0.053278,1020.858643,120.93885,161.421127
252,0,0.010561,-0.007885,-0.052891,1037.694458,121.940758,161.261505
253,0,0.011514,-0.007736,-0.052182,1054.539795,123.098831,161.170853
254,0,0.012102,-0.008847,-0.051022,1071.195312,124.106857,161.260773
255,0,0.01346,-0.009054,-0.050144,1087.979492,125.225517,161.412704
256,0,0.009042,-0.009441,-0.047801,1104.781128,126.514763,161.573975
257,0,0.009511,-0.006075,-0.045902,1121.709595,127.762436,161.252075
258,0,0.009047,-0.007429,-0.044699,1138.931152,128.904907,161.469666
259,0,0.013662,-0.005564,-0.043692,1155.533569,129.82132,161.413467
260,0,0.012983,-0.006811,-0.04176,1172.496216,130.995117,161.610016
261,0,0.015832,-0.005537,-0.042176,1189.339233,132.143631,161.537277
262,0,0.012618,-0.006986,-0.040459,1206.598511,133.498581,161.420547
263,0,0.011841,-0.008386,-0.038943,1223.820679,134.905121,161.562515
264,0,0.016426,-0.010195,-0.039027,1241.328979,136.214035,161.931519
265,0,0.017892,-0.011804,-0.037507,1258.843018,137.67366,162.466934
266,0,0.014493,-0.011247,-0.035133,1276.430298,139.167252,162.720703
267,0,0.015995,-0.007877,-0.033446,1294.16272,140.552414,162.83403
268,0,0.012642,-0.008485,-0.031851,1312.124512,142.008682,162.665268
269,0,0.014133,-0.008537,-0.03024,1329.8396,143.450012,162.69635
270,0,0.012512,-0.009097,-0.027988,1347.60791,144.963196,162.495377
271,0,0.015063,-0.01019,-0.027331,1365.456909,146.562408,162.412399
272,0,0.016127,-0.011745,-0.025563,1383.329346,148.128128,162.664749
273,0,0.015091,-0.015576,-0.022525,1401.190552,149.949295,162.913528
274,0,0.01629,-0.015551,-0.021667,1419.919678,151.682526,163.171173
275,0,0.016178,-0.012788,-0.019635,1438.939453,153.354752,163.018936
276,0,0.01622,-0.007864,-0.0174,1457.970581,154.999756,162.599304
277,0,0.018098,-0.005092,-0.015836,1477.013184,156.731461,162.605438
278,0,0.017547,-0.006199,-0.01423,1495.809692,158.488922,162.763474
279,0,0.018199,-0.006876,-0.012637,1514.627319,160.330338,162.965591
280,0,0.016483,-0.011225,-0.010635,1533.283203,162.374161,163.252228
281,0,0.018469,-0.011528,-0.010605,1551.951172,164.215958,163.293411
282,0,0.020759,-0.007163,-0.009033,1570.946777,166.400406,163.037659
283,0,0.021636,-0.003004,-0.008577,1590.187622,168.338913,162.963364
284,0,0.020451,-0.001532,-0.006605,1609.164673,170.42804,162.885849
285,0,0.020215,-0.002511,-0.004969,1628.018677,172.514618,163.133545
286,0,0.021741,-0.005161,-0.004249,1646.642334,174.670837,163.139862
287,0,0.014989,-0.005469,0.000987,1665.501953,177.021271,162.666565
288,0,0.01538,-0.007093,0.001314,1684.306152,179.203354,162.78212
289,0,0.013599,-0.006745,0.001759,1703.13269,181.283783,162.645538
290,0,0.015705,-0.00427,0.003542,1722.218506,183.759476,162.52153
291,0,0.013991,-0.002852,0.005697,1741.049072,186.231995,162.459656
292,0,0.015363,-0.000156,0.006794,1760.109741,188.670685,162.413086
293,0,0.010989,-0.001327,0.009048,1779.148071,190.993668,162.149338
294,0,0.011037,-0.00166,0.01096,1797.734741,193.688263,162.09137
295,0,0.017406,-0.001614,0.010244,1816.618042,195.902802,162.440369
296,0,0.013539,-0.00355,0.012635,1835.021606,198.569,162.543701
297,0,0.019295,-0.002578,0.012352,1854.053345,200.856232,162.786026
298,0,0.009263,-0.0034,0.016965,1873.095093,203.527512,162.393387
299,0,0.005724,-0.004473,0.020594,1891.982178,206.552399,162.627258
300,0,0.010409,-0.004016,0.020325,1910.447021,209.193405,162.892212
301,0,0.007017,-0.00404,0.02308,1929.527954,211.88707,162.628006
302,0,0.013004,-0.001892,0.024598,1948.383179,214.47673,162.518112
303,0,0.015437,-0.000254,0.026887,1967.441284,216.864532,162.156479
304,0,0.008492,-0.003588,0.030205,1986.447876,219.559494,162.008209
305,0,0.008534,-0.007076,0.030774,2005.114746,222.371185,162.518295
306,0,0.015374,-0.006972,0.031812,2023.581543,225.118088,162.952362
307,0,0.018882,-0.009085,0.033041,2042.145996,227.808044,163.280136
308,0,0.016598,-0.005973,0.036269,2061.094727,230.6828,163.484207
309,0,0.01392,-0.004826,0.036907,2080.212646,233.436798,163.486984
310,0,0.012346,-0.004535,0.038824,2098.933594,236.392654,163.449524
311,0,0.013543,-0.005561,0.040777,2117.615234,239.224045,163.432297
312,0,0.015567,-0.007382,0.042931,2135.97876,242.099731,163.660614
313,0,0.014876,-0.00971,0.044202,2154.767822,244.991241,164.017502
314,0,0.01452,-0.010949,0.046338,2173.263672,248.06572,163.955414
315,0,0.017012,-0.0081,0.046679,2191.923828,251.220383,163.911057
316,0,0.011631,-0.008432,0.048411,2210.559082,254.486145,163.986816
317,0,0.011847,-0.006565,0.049783,2229.248291,257.681396,164.121399
318,0,0.013056,-0.006518,0.05167,2247.993408,260.823914,164.022369
319,0,0.016414,-0.007893,0.052586,2266.384766,263.886475,164.201523
320,0,0.018867,-0.008996,0.054206,2284.850098,266.912842,164.045868
321,0,0.017434,-0.009484,0.05503,2303.446045,270.189606,164.193527
322,0,0.015636,-0.011778,0.057069,2321.750732,272.601288,164.02121
323,0,0.016881,-0.008483,0.060353,2340.734375,276.029572,164.029495
324,0,0.01951,-0.006369,0.060396,2358.928711,278.774109,164.334641
325,0,0.013674,-0.006905,0.065154,2377.253906,282.399323,164.480896
326,0,0.01155,-0.007382,0.066223,2395.907227,285.585846,164.641846
327,0,0.013413,-0.006481,0.067652,2414.364746,289.012421,164.605148
328,0,0.017954,-0.00529,0.067152,2432.895264,292.078156,164.580353
329,0,0.013654,-0.007937,0.070662,2451.167236,295.559967,164.634872
330,0,0.020868,-0.005911,0.069832,2469.650391,298.675385,164.662933
331,0,0.012482,-0.010422,0.074912,2488.062744,302.183289,165.025528
332,0,0.018628,-0.00692,0.075024,2506.387939,305.432556,165.175354
333,0,0.014651,-0.006463,0.077861,2524.421631,309.095154,165.084488
334,0,0.014137,-0.00689,0.079979,2542.69458,312.544983,165.162262
335,0,0.016593,-0.006083,0.080532,2560.810791,315.891113,165.088623
336,0,0.013314,-0.009078,0.081999,2579.156006,319.096039,165.378098
337,0,0.018532,-0.006128,0.081692,2597.098877,322.246399,165.531342
338,0,0.010918,-0.009957,0.081116,2615.773682,325.550201,165.359787
339,0,0.012734,-0.008425,0.080364,2633.640137,328.770172,165.270401
340,0,0.024327,-0.004955,0.076918,2655.249756,331.337372,162.582458
341,0,0.02005,-0.001555,0.078074,2673.885498,334.131531,161.853165
342,0,0.021811,0.000227,0.074298,2692.292725,336.983124,161.653702
343,0,0.018494,-0.002136,0.072399,2710.328857,339.83725,161.654556
344,0,0.016342,-0.002623,0.070958,2728.562012,342.629059,161.36644
345,0,0.01803,-0.006118,0.07027,2746.179443,345.285767,162.593719
346,0,0.015765,-0.004521,0.063501,2764.857666,347.543457,161.744751
347,0,0.01092,-0.001547,0.060465,2783.164062,349.698639,161.710938
348,0,0.008285,0.000509,0.054113,2801.833008,351.902344,161.284653
349,0,0.005061,-0.000175,0.049679,2820.041748,353.580383,161.233612
350,0,0.005525,0.001418,0.043658,2838.385742,355.001892,161.076309
351,0,0.005142,0.00113,0.036139,2855.935059,356.593079,162.387711
352,0,0.006164,-0.000473,0.029981,2875.064453,357.045624,161.152435
353,0,0.002883,0.001425,0.024046,2893.401123,357.719208,160.652512
354,0,0.002259,0.001383,0.016671,2911.80835,358.300323,160.626083
355,0,0.00356,0.003316,0.008283,2930.155518,358.633881,160.673004
356,0,0.001985,0.001985,0.001395,2948.00415,358.670105,161.462463
357,0,-0.001069,0.0011,-0.007869,2966.220947,358.762573,161.26329
358,0,-0.000495,0.002049,-0.017427,2984.517334,358.15097,160.886871
359,0,5.6E-05,0.003982,-0.026892,3002.840088,357.51532,160.716293
360,0,-0.00477,0.005391,-0.038927,3021.926514,356.431488,159.385284
361,0,-0.007284,0.006657,-0.047552,3039.749023,355.265533,159.112549
362,0,-0.000102,0.008031,-0.06057,3057.629395,353.688812,159.47197
363,0,-0.001307,0.005609,-0.06926,3075.456787,352.303436,159.913055
364,0,-0.003526,0.002441,-0.079529,3093.144043,350.475677,160.153229
365,0,-0.005797,0.005894,-0.092172,3110.785889,348.781158,159.640808
366,0,-0.00567,0.002114,-0.105955,3128.496338,346.403778,160.093277
367,0,-0.01196,0.001647,-0.118713,3146.644531,344.107483,159.487152
368,0,-0.012602,0.001244,-0.129772,3163.875488,341.000946,159.969467
369,0,-0.007659,0.00373,-0.14337,3181.90332,337.395905,159.271057
370,0,-0.007326,0.003202,-0.158506,3198.648682,333.793823,159.788925
371,0,-0.007714,0.000812,-0.171507,3215.854248,330.089111,160.075394
372,0,-0.011403,-0.002575,-0.186055,3233.742188,326.179596,159.614578
373,0,-0.010855,-0.002377,-0.198337,3250.258057,321.811554,159.785706
374,0,-0.015189,-0.003295,-0.212518,3267.718262,317.044495,159.670654
375,0,-0.018008,-0.000907,-0.225705,3284.553955,312.387268,159.409607
376,0,-0.015812,0.010117,-0.244167,3301.6875,306.949341,157.530136
377,0,-0.04545,0.003031,-0.24559,3318.647705,302.357544,155.361877
378,0,-0.044832,0.003184,-0.259483,3335.202637,296.857544,155.315582
379,0,-0.046756,0.000889,-0.272053,3351.681641,290.995697,155.739853
380,0,-0.033996,0.004444,-0.289747,3367.619629,284.998108,155.161316
381,0,-0.040205,0.001151,-0.300617,3383.988037,278.72934,155.554977
382,0,0.000138,0.009685,-0.327567,3400.113037,271.619751,156.816696
383,0,-0.017338,0.014156,-0.333492,3416.432129,265.72171,154.90358
384,0,-0.016166,0.014358,-0.350072,3432.364746,258.675262,155.151962
385,0,-0.017812,0.014101,-0.363108,3448.309082,251.727051,155.022934
386,0,-0.009421,0.012213,-0.380518,3464.062744,243.865524,155.572937
387,0,-0.012346,0.012256,-0.391204,3479.651855,236.603775,155.443909
388,0,-0.012854,0.014893,-0.403472,3495.258545,228.935089,155.349014
389,0,-0.008009,0.021491,-0.418382,3511.363037,220.758835,155.1353
390,0,-0.008099,0.023097,-0.431456,3527.057129,212.571884,154.743286
391,0,-0.011286,0.007483,-0.44386,3542.383301,203.877502,157.550095
392,0,-0.015537,0.013957,-0.46145,3557.806396,194.901398,156.354248
393,0,-0.013923,0.014244,-0.475096,3572.967773,185.977646,156.266479
394,0,-0.014778,0.013821,-0.487689,3587.899658,176.448181,156.458969
395,0,-0.012916,0.013803,-0.500136,3602.509277,167.021164,156.576462
396,0,-0.013303,0.014117,-0.515462,3617.419678,157.491745,156.444824
397,0,-0.014472,0.013403,-0.528945,3632.299072,147.73436,156.478821
398,0,-0.011998,0.01488,-0.544003,3647.210693,137.714081,156.191483
399,0,-0.01396,0.015796,-0.557033,3661.947998,127.654297,156.14032
400,0,-0.015575,0.017623,-0.573367,3676.710205,116.842239,155.587952
401,0,-0.018099,0.016857,-0.588587,3691.00293,106.303749,155.560669
402,0,-0.021909,0.01515,-0.601864,3705.003174,95.877182,155.672653
403,0,-0.020639,0.01224,-0.616926,3719.270508,84.95797,155.364639
404,0,-0.026442,0.012865,-0.634158,3732.919678,73.515457,155.482956
405,0,-0.027459,0.016306,-0.647071,3747.046143,62.081955,155.104721
406,0,-0.028144,0.015311,-0.662222,3760.466553,50.349464,155.257507
407,0,-0.026721,0.01708,-0.676578,3773.977295,38.581028,155.188599
408,0,-0.032989,0.01857,-0.690128,3787.231445,26.505592,155.240723
409,0,-0.028523,0.01808,-0.703986,3800.243652,14.2448,155.349258
410,0,-0.040923,0.02142,-0.71455,3812.721924,1.711673,154.783493
411,0,-0.054594,0.023164,-0.721015,3825.102539,-10.036271,153.836884
412,0,-0.026374,0.012213,-0.746892,3837.533936,-23.750566,156.106476
413,0,-0.022422,0.007546,-0.761521,3849.281006,-36.835083,156.467361
414,0,-0.023259,0.006689,-0.776209,3861.177979,-49.923058,156.38298
415,0,-0.024613,0.008803,-0.788648,3873.181641,-63.162609,155.740982
416,0,-0.022276,0.012225,-0.8016,3884.985596,-76.505806,155.060608
417,0,-0.023415,0.011271,-0.814788,3896.336914,-90.02037,154.961365
418,0,-0.021816,0.008703,-0.829839,3907.415283,-103.573936,155.041458
419,0,-0.022481,0.003929,-0.842859,3918.158691,-117.321854,155.599182
420,0,-0.023824,0.004685,-0.85692,3928.955078,-130.89064,156.054443
421,0,-0.025265,0.005462,-0.868689,3939.681152,-144.83403,155.893402
422,0,-0.026182,0.000709,-0.88667,3949.974365,-159.469681,156.95697
423,0,-0.0266,0.00389,-0.896361,3960.631836,-173.233994,156.300919
424,0,-0.024388,0.005663,-0.909127,3971.021729,-187.276398,156.593094
425,0,-0.027105,0.006343,-0.921336,3981.361572,-201.365372,156.451843
426,0,-0.02696,0.006702,-0.932858,3991.421387,-215.613678,156.409042
427,0,-0.019927,0.007162,-0.944485,4001.252197,-230.149658,156.423492
428,0,-0.018474,0.005268,-0.955192,4010.642578,-244.945526,156.84346
429,0,-0.022128,0.005086,-0.966705,4019.652344,-259.616943,157.248749
430,0,-0.021162,0.007173,-0.978663,4028.544434,-274.275085,157.78447
431,0,-0.013168,0.003475,-0.993444,4037.614746,-289.126282,157.841309
432,0,-0.024387,-0.00023,-1.005748,4046.173584,-303.895447,158.466125
433,0,-0.02738,0.003814,-1.017038,4054.80249,-318.307068,157.93248
434,0,-0.027129,0.000819,-1.031228,4063.194336,-333.326447,158.041611
435,0,-0.02454,-0.000288,-1.043291,4071.099854,-348.51181,158.216446
436,0,-0.028829,0.001702,-1.053928,4078.847412,-363.872833,157.847412
437,0,-0.023587,0.003721,-1.06703,4086.113037,-379.192047,158.129227
438,0,-0.020133,0.003042,-1.080883,4093.136719,-394.613403,158.777451
439,0,-0.019161,-0.000451,-1.094941,4099.914551,-409.994141,159.210526
440,0,-0.020545,0.003385,-1.106557,4106.65918,-425.329315,158.929932
441,0,-0.024376,0.009388,-1.116478,4113.348633,-440.822235,158.774673
442,0,-0.017254,0.00321,-1.135151,4119.539551,-456.643097,159.113098
443,0,-0.019382,0.004481,-1.147503,4125.602539,-472.102264,159.032593
444,0,-0.022294,0.00407,-1.160276,4131.381348,-487.610962,159.082016
445,0,-0.0194,0.003415,-1.173889,4137.094238,-503.239929,159.038864
446,0,-0.023134,0.00351,-1.185384,4142.222168,-518.941589,159.149002
447,0,-0.021498,0.00553,-1.198002,4147.311035,-534.681335,158.756012
448,0,-0.021462,0.007787,-1.211335,4152.095703,-550.546875,159.03743
449,0,-0.021863,0.008921,-1.224836,4156.797852,-566.608154,158.844711
450,0,-0.021126,0.010997,-1.238476,4161.408691,-582.352478,158.970413
451,0,-0.015684,0.007058,-1.250953,4165.172852,-598.16571,159.05162
452,0,-0.012534,0.004457,-1.26952,4169.203125,-614.507568,159.558624
453,0,-0.025149,0.011972,-1.274209,4173.80127,-630.14325,158.885132
454,0,-0.027575,0.013093,-1.289154,4177.236816,-646.326599,159.14119
455,0,-0.023092,0.011427,-1.303686,4180.46582,-662.575378,159.468094
456,0,-0.026423,0.016402,-1.313511,4183.785645,-678.623901,158.939194
457,0,-0.022834,0.016165,-1.327055,4186.888184,-694.858337,158.897324
458,0,-0.035824,0.022703,-1.333862,4189.746094,-711.036743,158.262939
459,0,-0.019433,0.020574,-1.351653,4192.39502,-727.612488,158.44339
460,0,-0.017888,0.01803,-1.366311,4194.856445,-743.891479,158.693253
461,0,-0.020868,0.01855,-1.378745,4197.16748,-760.072449,158.59726
462,0,-0.021158,0.01756,-1.392169,4198.763672,-776.49231,158.474564
463,0,-0.02443,0.019759,-1.403803,4200.433594,-792.6698,158.909027
464,0,-0.018695,0.016039,-1.41895,4201.798828,-808.874756,159.165237
465,0,-0.017653,0.014887,-1.433791,4203.077637,-825.343811,159.390121
466,0,-0.02181,0.020203,-1.443203,4204.400391,-841.394348,158.9319
467,0,-0.020262,0.017415,-1.456467,4205.133301,-857.745789,159.058517
468,0,-0.018218,0.017377,-1.46665,4206.048828,-874.013611,158.983612
469,0,-0.019428,0.015682,-1.477542,4206.931152,-890.269714,158.964325
470,0,-0.014621,0.012893,-1.489027,4207.774414,-906.527832,159.043732
471,0,-0.020983,0.014728,-1.493108,4209.12207,-922.55072,158.6754
472,0,-0.022565,0.0161,-1.502655,4209.952637,-938.576111,158.681366
473,0,-0.023442,0.014676,-1.511297,4210.934082,-954.710693,158.634125
474,0,-0.024279,0.012396,-1.518401,4211.907227,-970.682861,158.741272
475,0,-0.021442,0.012537,-1.524665,4212.883789,-986.602417,158.817856
476,0,-0.020228,0.011103,-1.52831,4213.975098,-1002.506042,159.356384
477,0,-0.012794,0.008724,-1.533211,4215.026855,-1018.504517,159.099121
478,0,-0.007942,0.004212,-1.536597,4216.055664,-1034.364502,159.164459
479,0,-0.012305,0.005544,-1.53621,4217.530762,-1049.598755,159.197403
480,0,-0.008341,0.001848,-1.536731,4219.736816,-1065.699829,158.922058
481,0,-0.011158,0.001977,-1.536776,4221.665039,-1081.109863,159.083939
482,0,-0.010599,-0.00278,-1.537549,4223.18457,-1096.646973,159.791458
483,0,-0.014057,-0.00086,-1.535355,4224.958496,-1112.111938,159.859406
484,0,-0.009776,-0.002399,-1.536329,4227.441406,-1127.913452,159.711212
485,0,-0.012792,-0.000657,-1.533236,4229.977051,-1143.41626,159.644638
486,0,-0.016727,0.001679,-1.532504,4232.185059,-1158.957886,159.758636
487,0,-0.015821,-0.000322,-1.531781,4234.454102,-1174.455444,159.599167
488,0,-0.017394,-0.001664,-1.530656,4236.337402,-1189.910278,159.704132
489,0,-0.013891,-0.002945,-1.531203,4238.942871,-1205.733398,159.616272
490,0,-0.012195,-0.002577,-1.529829,4241.219238,-1221.421631,159.223373
491,0,-0.011342,-0.00103,-1.528664,4243.470215,-1236.842896,159.093964
492,0,-0.01118,-0.003897,-1.528689,4245.449707,-1252.336182,159.470459
493,0,-0.007529,-0.005661,-1.52739,4248.04834,-1267.729858,159.824692
494,0,-0.011922,-0.003178,-1.524779,4250.519043,-1283.088135,159.768494
495,0,-0.009111,-0.003674,-1.525835,4252.739746,-1298.851318,159.819321
496,0,-0.008345,-0.002204,-1.523511,4255.500488,-1314.47168,159.605804
497,0,-0.005876,-0.000939,-1.521916,4257.94043,-1330.189697,159.533646
498,0,-0.009243,0.001827,-1.519874,4261.12793,-1345.970337,158.71788
499,0,-0.012293,0.002332,-1.518486,4263.602539,-1361.528076,158.664993
500,0,-0.003952,-0.003746,-1.52006,4265.533691,-1376.883423,159.241516
501,0,-0.006136,0.000298,-1.516855,4268.564941,-1392.616211,158.697357
502,0,0.001075,-0.005045,-1.517231,4270.986328,-1408.437866,158.744843
503,0,0.000184,-0.004216,-1.516066,4273.074707,-1423.895874,159.140884
504,0,-0.003833,-0.000448,-1.515247,4275.966797,-1439.784668,158.956161
505,0,-0.00324,-0.000976,-1.513256,4278.360352,-1455.089478,159.322006
506,0,-0.006771,0.00286,-1.510665,4281.605469,-1470.907959,158.939041
507,0,-0.001547,-0.001581,-1.511574,4284.332031,-1486.684937,158.662689
508,0,-0.005502,0.001946,-1.509442,4287.064941,-1502.330566,158.740967
509,0,-0.005731,0.004145,-1.507069,4289.90332,-1518.167236,158.118225
510,0,-0.000755,0.00104,-1.506589,4292.480957,-1533.896362,158.205536
511,0,-0.001233,-9.4E-05,-1.505316,4295.217285,-1549.517334,158.282852
512,0,0.000347,-0.002968,-1.504776,4297.438477,-1564.62854,158.518097
513,0,-0.003177,-0.002817,-1.502228,4300.27002,-1579.987793,158.813019
514,0,0.001325,-0.006543,-1.50292,4303.100098,-1595.562866,158.853851
515,0,0.000546,-0.0026,-1.499234,4306.049805,-1611.266724,158.65477
516,0,-0.00159,-0.001319,-1.499241,4309.197754,-1627.297119,158.475342
517,0,-0.001623,-0.000133,-1.497883,4312.160156,-1642.964966,158.216049
518,0,-0.001233,0.002017,-1.497454,4315.060547,-1658.559326,157.987961
519,0,0.00456,-0.005832,-1.497587,4317.384766,-1673.344482,158.764297
520,0,0.00366,-0.006501,-1.496561,4320.328613,-1689.048706,158.786911
521,0,0.003338,-0.006894,-1.495388,4323.47998,-1704.704834,158.532486
522,0,0.002775,-0.003591,-1.491808,4326.495117,-1720.178955,158.359512
523,0,0.001075,-0.004731,-1.492271,4329.56543,-1736.037964,157.975082
524,0,-0.002812,-0.001455,-1.487902,4332.811523,-1751.432373,157.872131
525,0,-0.000914,-0.003757,-1.488127,4335.538574,-1767.255127,158.304062
526,0,-0.008084,-0.004591,-1.48835,4338.567871,-1782.86438,158.380585
527,0,-0.00504,-0.001478,-1.484429,4342.319336,-1798.68042,157.774368
528,0,-0.001305,-0.008104,-1.48776,4345.07959,-1814.494141,158.097961
529,0,-0.001883,-0.013721,-1.484258,4347.646484,-1829.174316,159.27388
530,0,-0.00676,-0.009913,-1.482392,4350.391113,-1844.538574,158.866058
531,0,0.000753,-0.014246,-1.484444,4352.915039,-1860.203491,158.877518
532,0,-0.003056,-0.008988,-1.479613,4356.771973,-1875.638184,157.960922
533,0,-0.001852,-0.015674,-1.483727,4359.394531,-1891.164185,158.54892
534,0,-0.003945,-0.016585,-1.4789,4362.180176,-1906.303833,159.682053
535,0,-0.001156,-0.013535,-1.482285,4364.895996,-1921.856445,159.553406
536,0,-0.004914,-0.007788,-1.484551,4367.414062,-1937.572021,159.320709
537,0,-0.002416,-0.009329,-1.490124,4369.843262,-1953.530884,159.312073
538,0,-0.01395,-0.002009,-1.499333,4370.601562,-1968.61731,159.863037
539,0,-0.011875,-0.008615,-1.506225,4372.47998,-1984.50647,159.870926
540,0,-0.009875,-0.000769,-1.506146,4372.519043,-1998.957397,160.181747
541,0,-0.013928,-0.000841,-1.514038,4373.654785,-2014.89856,159.863739
542,0,-0.008858,-0.002501,-1.522842,4374.248535,-2030.825195,160.199997
543,0,-0.008097,-0.000379,-1.531338,4374.243652,-2046.600586,160.470932
544,0,-0.008955,-0.003928,-1.539989,4374.572266,-2062.320801,160.763611
545,0,-0.001682,-0.008611,-1.547236,4375.098633,-2078.189453,160.934967
546,0,-0.007588,-0.004407,-1.556598,4375.327637,-2094.084473,160.607941
547,0,-0.002987,-0.010154,-1.563605,4375.59375,-2110.030762,160.495712
548,0,-0.001394,-0.009917,-1.570444,4375.578125,-2125.6521,160.645309
549,0,-0.014005,-0.005001,-1.571001,4375.657715,-2141.266113,160.124451
550,0,-0.010181,-0.003545,-1.573978,4376.370117,-2157.034912,159.791275
551,0,0.001425,-0.012506,-1.578199,4377.375488,-2172.561279,160.553986
552,0,0.001705,-0.01024,-1.579386,4378.657227,-2188.376221,160.634735
553,0,0.006054,-0.014869,-1.579905,4379.911621,-2204.009766,160.077499
554,0,-0.008171,-0.005704,-1.57592,4380.699219,-2219.563232,159.751678
555,0,-0.004713,-0.006119,-1.576521,4381.853027,-2234.787109,160.156128
556,0,-0.002657,-0.004609,-1.575756,4383.859863,-2250.269287,160.132004
557,0,-0.01341,-0.003958,-1.573357,4385.242188,-2265.535889,160.421463
558,0,-0.012502,0.003568,-1.568812,4387.321289,-2281.006592,159.783005
559,0,-0.015191,-0.003018,-1.567846,4388.757812,-2296.35376,159.951462
560,0,-0.006868,-0.003574,-1.567827,4390.188965,-2311.44751,160.31813
561,0,-0.004755,-0.008325,-1.566607,4392.023438,-2326.673096,160.598267
562,0,-0.01128,-0.009635,-1.564961,4393.366211,-2341.900146,161.744003
563,0,-0.004869,-0.016036,-1.564815,4395.754395,-2357.0979,160.971298
564,0,-0.018208,-0.012346,-1.562155,4396.887207,-2372.067627,161.131683
565,0,-0.009787,-0.013971,-1.563092,4398.43457,-2387.22876,161.5625
566,0,-0.013015,-0.014194,-1.565123,4399.728027,-2402.480469,161.861145
567,0,-0.007211,-0.016419,-1.558952,4402.898926,-2417.206543,161.559998
568,0,-0.017897,-0.015861,-1.561273,4403.432129,-2432.48584,161.777267
569,0,-0.005665,-0.010639,-1.559369,4410.387695,-2448.740723,159.766449
570,0,-0.012878,-0.01103,-1.564232,4410.908203,-2464.100098,160.567139
571,0,-0.014702,-0.007751,-1.567064,4408.332031,-2477.281738,162.682968
572,0,-0.012067,-0.006802,-1.570805,4409.35791,-2492.180908,162.733765
573,0,-0.021802,-0.000697,-1.5767,4410.212402,-2507.313721,162.295609
574,0,-0.008559,-0.006272,-1.583468,4409.867676,-2521.834717,162.672958
575,0,-0.013344,-0.003265,-1.59076,4410.187012,-2536.847412,162.239487
576,0,-0.017608,0.004299,-1.5979,4409.170898,-2551.624756,162.883575
577,0,-0.042569,0.021387,-1.605601,4407.840332,-2566.115234,160.443512
578,0,-0.035516,0.022644,-1.61374,4406.930176,-2580.804443,160.658783
579,0,-0.040027,0.021671,-1.628863,4406.081055,-2594.903809,160.196213
580,0,-0.024169,0.008074,-1.642288,4409.72168,-2612.381836,157.738647
581,0,-0.024479,0.006253,-1.653263,4407.127441,-2626.383545,157.808228
582,0,-0.015164,0.008537,-1.663463,4405.318848,-2640.753418,157.415314
583,0,-0.015677,0.007598,-1.673813,4402.770996,-2654.490479,157.887985
584,0,-0.021574,0.010314,-1.684941,4400.410645,-2668.098633,158.053894
585,0,-0.011028,0.007264,-1.698123,4397.54248,-2681.832764,158.029449
586,0,-0.013327,0.011417,-1.708546,4389.532715,-2691.711914,162.298279
587,0,-0.015906,0.012796,-1.720456,4386.932617,-2705.309082,161.337631
588,0,-0.038168,0.028229,-1.728387,4382.641113,-2718.692627,160.466187
589,0,-0.029589,0.023465,-1.742441,4379.660156,-2732.107666,160.757889
590,0,-0.02333,0.021767,-1.748804,4375.679199,-2744.607666,161.364349
591,0,-0.030858,0.024433,-1.758162,4373.612305,-2757.9104,160.268051
592,0,-0.014255,0.012472,-1.773628,4370.181152,-2770.745605,161.664261
593,0,-0.005557,0.008112,-1.782605,4367.472168,-2784.099854,161.468964
594,0,-0.007676,0.009575,-1.796744,4362.283691,-2796.482666,161.742661
595,0,-0.008199,0.013536,-1.805036,4358.95166,-2809.294678,161.253632
596,0,-0.030759,0.0249,-1.812714,4354.964844,-2822.241211,160.273514
597,0,-0.020413,0.017324,-1.820744,4350.902832,-2834.953613,159.774582
598,0,-0.021321,0.015059,-1.836507,4345.760254,-2846.605225,160.566772
599,0,-0.035191,0.02569,-1.844812,4347.197266,-2862.133301,157.320526
600,0,-0.020441,0.020052,-1.858123,4342.883789,-2874.784912,157.48558
601,0,-0.0126,0.016339,-1.870243,4337.763184,-2887.118896,157.655518
602,0,-0.013907,0.017744,-1.881025,4332.926758,-2899.020996,157.68309
603,0,-0.017475,0.01577,-1.891802,4327.595703,-2910.9104,158.141586
604,0,-0.02402,0.022716,-1.897703,4322.556152,-2922.652832,157.473709
605,0,-0.007726,0.005701,-1.915531,4316.503418,-2933.985107,158.645569
606,0,-0.016114,0.014221,-1.921147,4311.782715,-2945.785645,157.990646
607,0,-0.006027,0.007176,-1.93438,4305.980469,-2956.992432,158.379944
608,0,-0.014373,0.0119,-1.941826,4300.570801,-2968.553467,158.533722
609,0,-0.019476,0.0101,-1.952798,4294.956055,-2979.494385,159.054169
610,0,-0.013346,0.004836,-1.964241,4288.868652,-2990.597412,159.538559
611,0,-0.016957,0.008278,-1.973102,4283.206543,-3001.622559,158.916519
612,0,-0.008169,0.002752,-1.986421,4276.938965,-3012.85376,159.25058
613,0,-0.010526,0.003869,-1.995874,4271.126953,-3023.842285,159.099991
614,0,-0.016053,0.005677,-2.005308,4264.883789,-3034.758057,159.449539
615,0,-0.012337,0.001466,-2.016633,4258.591797,-3045.580322,159.397415
616,0,-0.016245,0.002052,-2.027536,4252.221191,-3056.559814,159.788239
617,0,-0.018173,0.002778,-2.037369,4245.793457,-3067.336914,159.943161
618,0,-0.014059,-0.003865,-2.050671,4238.696777,-3077.933105,160.283722
619,0,-0.01347,0.001275,-2.057747,4232.106934,-3089.268555,159.522125
620,0,-0.014828,0.004956,-2.068406,4224.960938,-3099.685059,159.785202
621,0,-0.018919,0.007777,-2.076306,4218.266113,-3110.709229,159.084381
622,0,-0.024762,0.005471,-2.101523,4204.397949,-3116.595215,164.371307
623,0,-0.021504,-0.00249,-2.108789,4199.355957,-3128.015625,163.302277
624,0,-0.019877,-0.003794,-2.116937,4192.071777,-3138.732178,163.688644
625,0,-0.029423,0.005321,-2.12116,4189.300781,-3152.786133,160.231476
626,0,-0.022628,0.001358,-2.13291,4181.085938,-3162.925049,160.939178
627,0,-0.020541,0.005928,-2.141926,4173.597168,-3173.688477,160.183243
628,0,-0.020229,0.002108,-2.156247,4165.252441,-3183.929932,160.447937
629,0,-0.036745,0.020861,-2.159017,4157.819824,-3194.432129,159.537857
630,0,-0.022257,0.006379,-2.174929,4149.044922,-3204.552979,160.291153
631,0,-0.023482,0.008111,-2.185281,4140.517578,-3214.464844,160.085983
632,0,-0.017943,0.011443,-2.194162,4132.070312,-3224.75708,160.043564
633,0,-0.008585,-0.001658,-2.209276,4123.10498,-3234.491699,160.123901
634,0,-0.01505,0.007211,-2.217515,4114.224609,-3244.506836,160.468353
635,0,-0.018747,0.014093,-2.226075,4105.560547,-3254.506104,160.276825
636,0,-0.019752,0.01805,-2.235093,4096.269043,-3264.624512,160.31723
637,0,-0.014107,0.007528,-2.250633,4087.046631,-3273.8479,160.290527
638,0,-0.014162,0.012516,-2.259133,4077.779297,-3283.938721,160.317474
639,0,-0.017595,0.015848,-2.267894,4068.682129,-3293.25708,160.253448
640,0,-0.017665,0.013621,-2.28214,4059.046631,-3302.617188,160.321411
641,0,-0.014942,0.012364,-2.293404,4049.119385,-3312.13208,160.716812
642,0,-0.011333,0.016195,-2.303933,4039.588379,-3321.609375,160.632889
643,0,-0.012011,0.026138,-2.311622,4030.248535,-3331.096924,159.83078
644,0,-0.010619,0.015678,-2.328422,4019.955078,-3340.036133,160.150406
645,0,-0.008332,0.018086,-2.338333,4010.257324,-3348.778076,160.634079
646,0,-0.008612,0.020151,-2.349162,4000.186523,-3357.612793,160.693848
647,0,-0.01122,0.019374,-2.360425,3989.998779,-3366.288574,160.59729
648,0,-0.007508,0.016005,-2.371818,3979.617676,-3374.829102,160.589981
649,0,-0.00903,0.020427,-2.381547,3969.04541,-3383.339111,160.260269
650,0,-0.015468,0.010314,-2.404789,3957.537842,-3390.652344,160.905045
651,0,-0.013012,0.015645,-2.414414,3947.063477,-3399.095947,161.187866
652,0,-0.01893,0.014909,-2.425751,3936.411865,-3407.074707,161.441727
653,0,-0.028827,0.019529,-2.448503,3924.110596,-3414.053711,162.480927
654,0,-0.030423,0.01538,-2.458467,3912.767334,-3422.578369,162.086655
655,0,-0.015472,0.008883,-2.462518,3903.003174,-3431.055664,161.082291
656,0,-0.00687,0.008322,-2.472402,3891.306396,-3439.060547,160.68985
657,0,-0.012244,0.019576,-2.481627,3880.001953,-3446.604736,159.810776
658,0,-0.001628,0.014714,-2.484967,3869.540527,-3455.111328,159.649658
659,0,-0.002741,0.025337,-2.493174,3858.092773,-3462.809814,159.117599
660,0,-0.002741,0.020256,-2.507096,3846.35376,-3469.728516,159.471649
661,0,8.4E-05,0.018149,-2.519616,3834.644043,-3476.950439,159.080353
662,0,0.002246,0.024747,-2.528605,3822.742188,-3484.378662,158.727966
663,0,-0.015715,0.01982,-2.55453,3809.739014,-3489.825439,159.893646
664,0,-0.0105,0.037369,-2.548785,3799.298584,-3498.190186,158.624542
665,0,-0.017082,0.018794,-2.577915,3785.3125,-3503.936279,160.234497
666,0,-0.018891,0.016083,-2.591115,3772.425293,-3510.947021,160.14856
667,0,-0.008564,0.026817,-2.601964,3758.989746,-3517.715576,159.125168
668,0,-0.007854,0.033567,-2.610439,3746.045898,-3524.324219,159.19014
669,0,-0.015748,0.034022,-2.622508,3732.756104,-3530.911377,159.342926
670,0,-0.006669,0.024634,-2.636899,3719.761719,-3536.970703,159.345825
671,0,-0.00946,0.02828,-2.6487,3706.617676,-3543.241211,159.373474
672,0,-0.009658,0.026175,-2.662304,3693.354004,-3549.19043,159.0513
673,0,-0.024553,0.043165,-2.6566,3681.712402,-3556.852783,158.297607
674,0,-0.019409,0.021626,-2.684615,3666.458252,-3561.754883,159.431671
675,0,-0.025655,0.01464,-2.70538,3651.262939,-3567.159424,160.018356
676,0,-0.013588,0.033564,-2.709759,3637.162598,-3573.521484,158.568253
677,0,-0.011993,0.02585,-2.723872,3622.529785,-3578.896484,158.824387
678,0,-0.01291,0.025272,-2.736709,3607.905029,-3584.145508,158.979446
679,0,-0.012142,0.027191,-2.747339,3593.098145,-3589.244629,159.401901
680,0,-0.011647,0.023307,-2.759764,3578.289551,-3594.020996,159.304855
681,0,-0.007695,0.018772,-2.772311,3563.810791,-3598.677002,158.913177
682,0,-0.008299,0.028849,-2.783314,3548.945312,-3603.196533,158.880066
683,0,-0.007753,0.021234,-2.798779,3533.783447,-3607.756104,158.978088
684,0,-0.008962,0.025572,-2.810185,3518.929688,-3612.012939,158.683212
685,0,-0.023989,0.027386,-2.825333,3503.805176,-3615.675049,159.219147
686,0,-0.018959,0.018052,-2.840168,3488.639893,-3619.498779,159.722839
687,0,-0.020792,0.02262,-2.850983,3473.773926,-3623.14624,160.192413
688,0,-0.039037,0.008559,-2.868232,3458.197998,-3626.383545,162.476807
689,0,-0.048683,0.032147,-2.875309,3443.053223,-3629.72876,162.737534
690,0,-0.035999,0.006745,-2.893618,3427.648682,-3632.83252,162.98175
691,0,-0.039821,0.005615,-2.90392,3413.103271,-3635.866699,162.513947
692,0,-0.065373,0.058559,-2.904753,3396.075439,-3638.281006,163.672699
693,0,-0.04895,0.028443,-2.924813,3381.637207,-3640.90332,163.84729
694,0,-0.043591,0.037435,-2.9332,3366.442871,-3643.580811,162.940567
695,0,-0.053458,0.039572,-2.947796,3351.251709,-3645.346191,162.872375
696,0,-0.044979,0.026725,-2.962121,3335.668457,-3647.062744,163.532272
697,0,-0.04572,0.026671,-2.974071,3320.474609,-3648.865967,163.646164
698,0,-0.05061,0.037512,-2.982282,3305.44873,-3650.968994,164.322922
699,0,-0.046612,0.028409,-2.998417,3289.780029,-3651.474121,164.608368
700,0,-0.033908,0.064337,-2.992719,3273.454834,-3651.777832,163.92067
701,0,-0.029867,0.089167,-2.996369,3257.531006,-3652.654053,164.871567
702,0,-0.028571,0.088907,-3.008338,3242.052734,-3653.415527,164.779266
703,0,-0.023668,0.056187,-3.027932,3226.900146,-3654.579834,166.762558
704,0,-0.028867,0.057802,-3.038475,3211.47168,-3654.774414,166.536438
705,0,-0.032723,0.059088,-3.050948,3195.757812,-3655.101562,166.147415
706,0,-0.032944,0.056579,-3.066334,3180.880615,-3654.630859,166.727585
707,0,-0.029423,0.042672,-3.083724,3165.253174,-3654.125244,167.349609
708,0,-0.029434,0.042225,-3.096298,3149.645264,-3653.753906,167.316147
709,0,-0.028414,0.043117,-3.107217,3134.461914,-3653.111328,167.933487
710,0,-0.031134,0.044613,-3.118259,3118.952881,-3652.77002,168.034592
711,0,-0.040487,0.036561,-3.140714,3103.190674,-3653.573486,166.928802
712,0,-0.035114,0.036676,-3.138005,3087.837646,-3651.865967,168.625595
713,0,-0.03284,0.031046,-3.145292,3072.311768,-3651.170898,169.279892
714,0,-0.035606,0.025724,-3.154808,3056.419189,-3651.141602,169.232513
715,0,-0.021865,-0.002377,-3.162265,3038.358643,-3649.791016,170.931824
716,0,-0.017681,-0.011745,-3.167233,3022.330322,-3649.540771,171.235352
717,0,-0.014775,-0.020782,-3.169891,3006.353027,-3649.675293,171.127213
718,0,-0.01305,-0.025428,-3.172228,2990.482666,-3649.915039,171.402451
719,0,-0.022196,-0.004642,-3.17222,2974.092529,-3650.470703,171.191818
720,0,-0.016308,-0.016971,-3.175604,2958.928955,-3651.636719,171.504562
721,0,-0.015814,-0.017643,-3.175432,2943.316406,-3652.479736,171.637131
722,0,-0.015336,-0.014592,-3.175145,2927.469971,-3653.62085,171.561981
723,0,-0.020149,-0.004066,-3.172305,2910.942871,-3654.44458,171.233246
724,0,-0.016832,-0.010278,-3.172745,2895.248291,-3655.601318,171.419815
725,0,-0.018573,-0.015328,-3.171676,2879.629883,-3656.689941,171.739777
726,0,-0.023643,-0.017654,-3.170259,2863.757324,-3657.783691,172.28833
727,0,-0.028229,-0.020941,-3.169698,2847.303711,-3659.125488,172.59996
728,0,-0.026803,-0.01869,-3.167781,2829.80127,-3660.441895,172.404221
729,0,-0.019416,-0.02084,-3.168481,2812.322266,-3661.756348,172.343262
730,0,-0.015247,-0.02146,-3.16682,2794.678223,-3663.060547,172.033722
731,0,-0.017191,-0.021674,-3.164342,2776.778076,-3664.543213,171.839722
732,0,-0.018972,-0.027,-3.164552,2758.705322,-3666.135254,172.375229
733,0,-0.022918,-0.022445,-3.162489,2739.779541,-3667.866699,172.623276
734,0,-0.0218,-0.02942,-3.162282,2720.330566,-3669.550293,173.004211
735,0,-0.017819,-0.034063,-3.160628,2699.897705,-3671.282227,173.190628
736,0,-0.012186,-0.037266,-3.15887,2679.359619,-3672.919189,173.000763
737,0,-0.012985,-0.037474,-3.157154,2658.31665,-3674.957031,173.242111
738,0,-0.008835,-0.040654,-3.155085,2637.352051,-3677.130859,172.864487
739,0,-0.005221,-0.043953,-3.154263,2615.366699,-3679.260742,173.056061
740,0,-0.00882,-0.045833,-3.150731,2593.0979,-3681.462158,173.143646
741,0,-0.013391,-0.042751,-3.148861,2570.067383,-3683.689453,173.129608
742,0,-0.01531,-0.043987,-3.1481,2546.421875,-3685.937256,172.954254
743,0,-0.014944,-0.043374,-3.145763,2522.449951,-3688.319092,172.930725
744,0,-0.015145,-0.04285,-3.143707,2498.246094,-3691.003906,172.893524
745,0,-0.015975,-0.041575,-3.142923,2473.315186,-3693.656494,172.799911
746,0,-0.017143,-0.042194,-3.139862,2448.261963,-3696.413574,172.846054
747,0,-0.018657,-0.038048,-3.136854,2422.690674,-3699.209229,172.849426
748,0,-0.018765,-0.049746,-3.136539,2396.712158,-3701.974854,172.613968
749,0,-0.016292,-0.042398,-3.134424,2370.078613,-3704.908447,172.693069
750,0,-0.016161,-0.038993,-3.13188,2343.576172,-3708.153809,172.810959
751,0,-0.021969,-0.032791,-3.12932,2317.460205,-3711.580811,172.81517
752,0,-0.022803,-0.033741,-3.127671,2290.220947,-3714.867432,172.752487
753,0,-0.024166,-0.031701,-3.126253,2262.65918,-3718.294678,172.587219
754,0,-0.026012,-0.03593,-3.124051,2235.022705,-3721.438965,172.809174
755,0,-0.027705,-0.037035,-3.123139,2206.993408,-3724.953125,172.867355
756,0,-0.023542,-0.040293,-3.122415,2178.926758,-3728.287354,172.785233
757,0,-0.024493,-0.038454,-3.12111,2150.480225,-3731.973633,172.824249
758,0,-0.026165,-0.037709,-3.119467,2121.855469,-3735.679443,172.909302
759,0,-0.02598,-0.038348,-3.118088,2093.105469,-3739.483398,172.940613
760,0,-0.029956,-0.034746,-3.115959,2064.027832,-3743.514893,173.079178
761,0,-0.025643,-0.034185,-3.114516,2035.123169,-3747.452148,172.725037
762,0,-0.026391,-0.029497,-3.113956,2005.87561,-3751.83667,172.668716
763,0,-0.024327,-0.028162,-3.112217,1976.543945,-3756.152344,172.428696
764,0,-0.024937,-0.023066,-3.109291,1946.835938,-3760.399902,171.941208
765,0,-0.02098,-0.033691,-3.107605,1917.214844,-3764.580566,172.039597
766,0,-0.01785,-0.03248,-3.105582,1887.23999,-3768.787842,171.774658
767,0,-0.018101,-0.037398,-3.104268,1857.580933,-3772.94458,171.89772
768,0,-0.018727,-0.035047,-3.101659,1827.720947,-3777.347168,172.293167
769,0,-0.015336,-0.038813,-3.099603,1797.563965,-3781.802979,172.180542
770,0,-0.014406,-0.035064,-3.097332,1767.446899,-3786.291016,172.272827
771,0,-0.010887,-0.039498,-3.095556,1737.07959,-3790.852539,172.192444
772,0,-0.011372,-0.034319,-3.092214,1706.770508,-3795.680176,171.89592
773,0,-0.008789,-0.023011,-3.091007,1676.119995,-3800.61792,171.268143
774,0,-0.010075,-0.031536,-3.088695,1645.976196,-3805.556396,171.288116
775,0,-0.009229,-0.034961,-3.087335,1615.342407,-3810.418945,170.971222
776,0,-0.009588,-0.038409,-3.085218,1584.827271,-3815.181396,170.757095
777,0,-0.012154,-0.028876,-3.08162,1554.281494,-3820.230957,170.694534
778,0,-0.010696,-0.033605,-3.081597,1523.63562,-3825.403076,170.493668
779,0,-0.011982,-0.026792,-3.078823,1492.694092,-3830.789062,170.182266
780,0,-0.009785,-0.031056,-3.07801,1461.897339,-3835.924072,170.286346
781,0,-0.013698,-0.031227,-3.074986,1431.174438,-3841.171387,170.649979
782,0,-0.013638,-0.032701,-3.074154,1400.44043,-3846.72168,170.64006
783,0,-0.014748,-0.030563,-3.072297,1369.675903,-3852.426514,170.573364
784,0,-0.012686,-0.021881,-3.069435,1338.607544,-3858.25415,169.962128
785,0,-0.006239,-0.021962,-3.068173,1307.382324,-3863.998535,169.240463
786,0,-0.00767,-0.018003,-3.064736,1276.113647,-3869.514893,169.016144
787,0,-0.013755,-0.026653,-3.06299,1245.369141,-3874.944336,169.509766
788,0,-0.018166,-0.03286,-3.061048,1214.742676,-3880.486084,170.071732
789,0,-0.020207,-0.035301,-3.058743,1183.885376,-3886.226562,170.40799
790,0,-0.017688,-0.034326,-3.057207,1152.608032,-3892.095703,170.379715
791,0,-0.013416,-0.033412,-3.054641,1121.326538,-3898.110352,170.339432
792,0,-0.013243,-0.025573,-3.052919,1090.282349,-3904.303711,170.373291
793,0,-0.008772,-0.025846,-3.051639,1058.949341,-3910.818848,169.684143
794,0,-0.007719,-0.018504,-3.051174,1027.765991,-3917.422119,169.049118
795,0,-0.013047,-0.009834,-3.049462,996.674927,-3924.099121,168.36882
796,0,-0.011046,-0.014976,-3.046686,965.320496,-3930.245117,168.107056
797,0,-0.007304,-0.023781,-3.044227,934.281677,-3936.529785,168.042618
798,0,-0.005959,-0.03097,-3.042707,903.15387,-3942.550293,168.46489
799,0,-0.001576,-0.033018,-3.040607,871.789917,-3949.029785,168.502625
800,0,-0.001282,-0.025266,-3.037814,840.750732,-3955.579102,169.129471
801,0,0.00225,-0.028693,-3.036729,809.285889,-3962.491943,168.746628
802,0,0.001145,-0.021207,-3.035024,778.263733,-3969.345947,168.654327
803,0,0.004225,-0.022779,-3.03303,746.872192,-3976.208496,167.812073
804,0,0.001127,-0.017447,-3.030548,715.618164,-3983.388428,166.966827
805,0,-0.006683,-0.024322,-3.0279,683.732422,-3990.398682,166.01033
806,0,-0.010781,-0.027119,-3.025373,652.790833,-3997.188232,166.119873
807,0,-0.012116,-0.02691,-3.024119,622.254639,-4004.206299,166.69899
808,0,-0.007837,-0.026287,-3.021389,591.259766,-4011.1604,167.15889
809,0,-0.003421,-0.030617,-3.019548,560.387268,-4018.19043,167.75502
810,0,-0.004597,-0.027951,-3.017472,529.274414,-4025.571289,167.717407
811,0,-0.012427,-0.023587,-3.013893,497.290405,-4033.061523,167.087006
812,0,-0.017112,-0.021213,-3.012204,466.554077,-4040.70752,166.967285
813,0,-0.022152,-0.017419,-3.008264,435.830688,-4048.336426,166.567322
814,0,-0.015804,-0.016198,-3.007946,405.072998,-4055.864258,166.35083
815,0,-0.005832,-0.025888,-3.006402,373.931732,-4063.250488,165.818558
816,0,-0.000178,-0.030191,-3.003866,342.715088,-4070.786377,165.862823
817,0,-0.003225,-0.026992,-3.000824,312.216583,-4078.564697,166.408829
818,0,-0.009687,-0.022696,-2.997851,281.880829,-4086.454346,167.403732
819,0,-0.007752,-0.026285,-2.996893,250.771942,-4094.17627,167.719162
820,0,-0.005946,-0.028767,-2.993739,219.588028,-4102.280762,167.848343
821,0,-0.003537,-0.030038,-2.991803,188.558578,-4110.134766,167.597824
822,0,-0.000432,-0.028707,-2.98928,157.506363,-4118.255859,166.848175
823,0,0.005519,-0.032853,-2.987325,126.291428,-4126.354492,166.146301
824,0,0.007121,-0.033217,-2.986362,94.943306,-4134.472656,165.286835
825,0,0.005476,-0.030406,-2.983532,63.832878,-4142.828613,164.725876
826,0,0.001623,-0.029876,-2.982772,33.21199,-4151.050781,164.836761
827,0,0.004013,-0.029153,-2.981469,1.994611,-4159.786133,164.499756
828,0,0.010359,-0.027086,-2.979167,-29.014858,-4168.344238,164.096893
829,0,0.015571,-0.025817,-2.976741,-60.263622,-4176.648438,163.321152
830,0,0.021481,-0.029738,-2.974773,-91.734283,-4185.308105,162.896271
831,0,0.02028,-0.033287,-2.973711,-122.209198,-4193.751953,162.881973
832,0,0.017568,-0.028379,-2.970848,-153.446793,-4202.407715,162.057816
833,0,0.012048,-0.028507,-2.968979,-184.320465,-4211.038086,161.688507
834,0,0.014723,-0.032924,-2.966431,-215.208862,-4219.71582,161.528351
835,0,0.016511,-0.029779,-2.964427,-246.357285,-4228.422852,161.221924
836,0,0.017689,-0.035943,-2.963395,-276.84964,-4237.057129,161.237137
837,0,0.012419,-0.031172,-2.961095,-307.550262,-4245.756348,161.233109
838,0,0.012342,-0.036043,-2.959661,-338.450989,-4254.820312,161.192886
839,0,0.005139,-0.034729,-2.957069,-369.446289,-4263.688477,160.593338
840,0,0.001897,-0.031131,-2.955672,-400.226868,-4272.859375,160.296417
841,0,-0.000454,-0.02738,-2.957351,-430.906036,-4281.780273,159.989807
842,0,0.002665,-0.021275,-2.957325,-461.739166,-4290.70752,159.265366
843,0,0.002661,-0.018746,-2.960717,-492.878021,-4299.425781,158.763809
844,0,0.011471,-0.016795,-2.961116,-524.046143,-4308.064453,158.034149
845,0,0.014242,-0.023423,-2.963941,-554.564026,-4316.365723,158.002426
846,0,0.007696,-0.024238,-2.96882,-585.752136,-4324.23291,158.405579
847,0,0.004679,-0.023854,-2.97223,-617.031311,-4332.165527,158.704376
848,0,0.004629,-0.025384,-2.975833,-648.070312,-4339.793457,158.878006
849,0,0.005642,-0.020303,-2.980268,-679.728455,-4347.425781,158.488342
850,0,0.003364,-0.016531,-2.986741,-710.783508,-4354.814453,158.461075
851,0,-0.01078,-0.001861,-2.993892,-742.767395,-4361.506836,158.905548
852,0,-0.008292,-0.002103,-3.000001,-774.09314,-4368.520996,158.630966
853,0,-0.008806,0.000305,-3.008578,-805.786865,-4374.786133,158.590042
854,0,-0.001354,-0.007144,-3.018429,-837.811584,-4381.005859,158.226532
855,0,-0.004032,0.000918,-3.024844,-869.450745,-4386.470215,158.028183
856,0,-0.001945,0.004023,-3.033322,-899.252991,-4392.709473,156.807083
857,0,-0.004445,0.006032,-3.043561,-930.908386,-4397.73291,157.219208
858,0,-0.00892,0.005957,-3.053691,-962.65802,-4402.298828,157.835327
859,0,-0.004032,0.004094,-3.063744,-994.365417,-4406.968262,157.730804
860,0,-0.005658,0.003375,-3.074517,-1026.330444,-4411.140625,157.922028
861,0,-0.009501,0.010926,-3.082432,-1058.284546,-4415.039551,158.059921
862,0,-0.00477,0.003217,-3.091888,-1090.28064,-4418.882812,157.844803
863,0,-0.002475,0.007272,-3.099947,-1122.575806,-4422.143555,157.706894
864,0,-0.005619,0.009561,-3.109745,-1154.485107,-4424.900391,157.93869
865,0,-0.008511,0.007515,-3.119672,-1186.345947,-4427.364258,158.321762
866,0,-0.007283,0.007265,-3.130507,-1218.077393,-4429.538086,158.253876
867,0,-0.001806,0.009019,-3.136968,-1250.134766,-4431.689941,158.213638
868,0,0.006124,0.003033,-3.148812,-1282.245117,-4433.011719,158.077148
869,0,0.002675,0.005808,-3.155844,-1314.291992,-4434.54834,158.130814
870,0,0.008437,-0.007915,-3.165548,-1346.013062,-4435.542969,158.292007
871,0,0.007245,0.007297,-3.171019,-1377.62915,-4437.345703,157.993637
872,0,0.010714,0.010381,-3.176049,-1409.623901,-4438.466309,157.392548
873,0,0.012133,0.000874,-3.181957,-1441.386597,-4439.477051,156.943161
874,0,0.020499,-0.00916,-3.186432,-1472.644287,-4440.095703,156.653976
875,0,0.019602,-0.006023,-3.193272,-1504.465698,-4440.918457,156.677643
876,0,0.015519,0.012445,-3.199372,-1535.06958,-4441.667969,156.452972
877,0,0.017654,0.004134,-3.205031,-1566.262451,-4442.349609,156.468674
878,0,0.020627,0.010587,-3.213337,-1596.445923,-4441.770996,156.171982
879,0,0.021546,0.004133,-3.218425,-1626.592285,-4441.892578,155.906189
880,0,0.016936,0.008415,-3.226622,-1656.602173,-4441.591309,155.961777
881,0,0.016891,0.008964,-3.233121,-1686.429199,-4441.162598,155.804626
882,0,0.019529,0.010159,-3.240477,-1716.384277,-4440.142578,155.354446
883,0,0.020338,0.011814,-3.247191,-1746.172974,-4438.625488,155.228439
884,0,0.02405,0.00262,-3.255194,-1775.664429,-4437.129395,154.917557
885,0,0.021275,0.006446,-3.261797,-1804.679932,-4435.40625,155.035675
886,0,0.019391,0.009085,-3.270704,-1833.719849,-4433.222656,155.318802
887,0,0.018142,0.02017,-3.278209,-1862.914429,-4431.161133,155.143173
888,0,0.021723,0.013979,-3.288769,-1891.523682,-4428.705566,154.723572
889,0,0.016823,0.017855,-3.299986,-1919.942139,-4425.182617,154.856094
890,0,0.014593,0.031088,-3.314012,-1948.373413,-4420.966309,154.763824
891,0,0.019693,0.038763,-3.327157,-1976.574463,-4416.943359,154.259506
892,0,0.019524,0.039102,-3.342965,-2004.202881,-4412.180664,154.425354
893,0,0.021649,0.048538,-3.358373,-2031.572144,-4406.517578,154.358643
894,0,0.021743,0.042837,-3.3739,-2058.743896,-4400.418457,154.647903
895,0,0.0213,0.041401,-3.387751,-2085.400391,-4393.684082,154.843307
896,0,0.024097,0.0335,-3.407787,-2112.366943,-4387.27002,154.458023
897,0,0.01892,0.051442,-3.422706,-2138.641602,-4379.913574,154.8909
898,0,0.022227,0.043435,-3.437449,-2164.598877,-4372.533691,154.692154
899,0,0.018454,0.048571,-3.454969,-2190.378418,-4364.614746,154.618011
900,0,0.018749,0.042316,-3.47177,-2215.187256,-4356.254883,154.805542
901,0,0.023728,0.033165,-3.48574,-2240.796143,-4348.214355,154.02182
902,0,0.024456,0.043278,-3.497135,-2265.846924,-4339.645996,153.969833
903,0,0.027139,0.047902,-3.512191,-2290.532227,-4330.536133,153.494843
904,0,0.032572,0.03882,-3.521178,-2314.683594,-4321.479492,153.29483
905,0,0.029011,0.044636,-3.539959,-2338.679199,-4311.407227,153.32869
906,0,0.030542,0.036193,-3.552729,-2362.611572,-4301.921387,153.179413
907,0,0.035637,0.043579,-3.563298,-2385.999756,-4292.313477,152.826996
908,0,0.027759,0.055835,-3.576515,-2409.262451,-4281.992188,153.725204
909,0,0.033863,0.057597,-3.584275,-2431.794434,-4271.899414,153.366943
910,0,0.035698,0.057948,-3.598932,-2454.664307,-4261.54248,153.586929
911,0,0.036379,0.052804,-3.609239,-2477.521484,-4251.577637,153.197784
912,0,0.041574,0.04573,-3.616905,-2499.986816,-4241.084473,152.654938
913,0,0.044439,0.042023,-3.620247,-2521.631104,-4230.318359,152.554337
914,0,0.048383,0.04556,-3.632715,-2543.416992,-4219.217285,151.913834
915,0,0.039037,0.052974,-3.646115,-2564.999756,-4208.141602,151.778625
916,0,0.041516,0.048723,-3.652115,-2586.598389,-4197.772461,151.583725
917,0,0.037378,0.052442,-3.659801,-2607.496338,-4186.694336,151.575668
918,0,0.037464,0.049516,-3.668744,-2628.3125,-4175.566895,151.550232
919,0,0.03667,0.045978,-3.679978,-2648.651123,-4163.867188,151.401215
920,0,0.040073,0.051717,-3.689074,-2668.954102,-4152.191406,151.355515
921,0,0.04139,0.056465,-3.701842,-2689.010742,-4140.061523,151.066788
922,0,0.050442,0.063827,-3.71573,-2708.722412,-4127.75293,150.466431
923,0,0.055327,0.06738,-3.729802,-2728.088867,-4115.212402,150.150848
924,0,0.049689,0.074373,-3.744415,-2747.0354,-4102.34375,150.02092
925,0,0.053033,0.075221,-3.758753,-2765.292236,-4089.417969,149.784332
926,0,0.050916,0.071424,-3.774144,-2783.10498,-4076.004883,149.627731
927,0,0.054001,0.072589,-3.788771,-2800.832031,-4062.228271,149.368576
928,0,0.059462,0.066259,-3.804171,-2818.378906,-4048.130127,149.022842
929,0,0.057302,0.070805,-3.821016,-2835.138672,-4033.821533,148.961716
930,0,0.056706,0.069489,-3.83538,-2851.433838,-4019.443115,148.964188
931,0,0.056326,0.074105,-3.85116,-2867.530762,-4004.767334,149.171722
932,0,0.057132,0.075194,-3.865314,-2883.50293,-3989.878174,149.407135
933,0,0.059059,0.068164,-3.881453,-2898.503906,-3974.823242,149.031189
934,0,0.06254,0.061927,-3.898106,-2913.344482,-3959.074707,149.195511
935,0,0.064719,0.072495,-3.910449,-2928.469971,-3944.347412,148.472885
936,0,0.066435,0.061592,-3.929192,-2942.818848,-3929.109863,148.004669
937,0,0.06485,0.07155,-3.942167,-2957.117676,-3913.840332,147.64975
938,0,0.062706,0.064308,-3.955154,-2971.179199,-3898.367676,147.476044
939,0,0.059714,0.070793,-3.96786,-2984.692383,-3883.070801,147.242828
940,0,0.0657,0.063965,-3.975977,-2998.346191,-3868.118164,146.976135
941,0,0.058041,0.053686,-3.985931,-3011.668213,-3852.872803,147.478012
942,0,0.058547,0.046701,-3.989032,-3025.618408,-3838.834717,147.197632
943,0,0.052218,0.050207,-3.99512,-3038.844482,-3824.087646,147.744858
944,0,0.051267,0.044008,-3.997625,-3052.5979,-3810.140381,147.635086
945,0,0.047692,0.035816,-3.999204,-3066.471436,-3796.475586,147.433823
946,0,0.049837,0.049402,-3.999867,-3080.122314,-3782.893799,147.311996
947,0,0.047211,0.031551,-4.004856,-3093.938232,-3769.243408,147.582733
948,0,0.042787,0.044021,-4.003911,-3107.011475,-3755.483398,147.570526
949,0,0.04086,0.049906,-4.008553,-3120.629639,-3742.253174,147.335037
950,0,0.038929,0.032603,-4.012928,-3134.006104,-3728.806396,147.440598
951,0,0.040641,0.045518,-4.010967,-3147.005371,-3715.699951,146.81543
952,0,0.039758,0.037746,-4.010225,-3159.999512,-3702.229248,147.085922
953,0,0.04058,0.042402,-4.014904,-3173.07959,-3689.464355,146.857437
954,0,0.033418,0.046418,-4.017486,-3185.93335,-3676.294189,146.804108
955,0,0.033142,0.03715,-4.015527,-3198.375,-3663.147217,146.938339
956,0,0.035387,0.039956,-4.018392,-3210.818359,-3650.155762,146.794189
957,0,0.039807,0.045535,-4.018501,-3223.453613,-3637.226318,146.514847
958,0,0.041386,0.055585,-4.024016,-3235.904541,-3624.431885,146.196854
959,0,0.036775,0.047552,-4.027124,-3247.64502,-3610.925049,146.570557
960,0,0.040348,0.047245,-4.035558,-3259.640869,-3598.168945,146.278061
961,0,0.039032,0.042705,-4.044353,-3270.731934,-3584.600586,146.498367
962,0,0.039176,0.058895,-4.05151,-3281.214355,-3570.719971,146.526855
963,0,0.044696,0.053144,-4.058222,-3291.501953,-3556.735352,146.469299
964,0,0.047259,0.054303,-4.072028,-3301.607422,-3542.549316,146.193024
965,0,0.051028,0.062296,-4.080236,-3311.294434,-3528.656982,145.764252
966,0,0.045217,0.045157,-4.094875,-3320.399658,-3513.754883,146.093506
967,0,0.056922,0.052087,-4.104225,-3329.611816,-3499.62207,145.454453
968,0,0.057979,0.066056,-4.114516,-3338.135742,-3485.116211,145.428802
969,0,0.059843,0.063312,-4.128412,-3346.749023,-3470.666992,145.296097
970,0,0.065279,0.061138,-4.140486,-3355.220459,-3456.352783,145.144791
971,0,0.064191,0.068118,-4.154571,-3363.561035,-3441.990234,144.876404
972,0,0.067505,0.058698,-4.165881,-3371.178955,-3427.532959,144.770157
973,0,0.068805,0.075047,-4.178689,-3378.545898,-3413.245361,144.531845
974,0,0.069058,0.064442,-4.18959,-3385.867432,-3398.631348,144.322922
975,0,0.072423,0.074383,-4.201049,-3392.872803,-3384.441895,144.230545
976,0,0.070058,0.068562,-4.213179,-3399.623047,-3369.902832,144.246155
977,0,0.071046,0.06998,-4.22562,-3406.196777,-3355.540283,144.235535
978,0,0.065983,0.054092,-4.236191,-3412.550781,-3340.993896,144.609009
979,0,0.062587,0.038431,-4.246624,-3419.003418,-3326.596924,144.744461
980,0,0.059142,0.045597,-4.255843,-3425.478027,-3312.72168,144.621887
981,0,0.062916,0.036162,-4.263873,-3432.12793,-3298.338623,144.328445
982,0,0.069599,0.045845,-4.270957,-3439.162109,-3283.829102,144.099945
983,0,0.0731,0.042481,-4.277904,-3446.002686,-3269.553955,144.241287
984,0,0.069592,0.050535,-4.283426,-3452.210938,-3255.823486,144.179916
985,0,0.06205,0.06342,-4.291099,-3457.719971,-3242.324951,144.032822
986,0,0.059819,0.066309,-4.298259,-3463.668457,-3228.512451,144.061203
987,0,0.059955,0.070007,-4.305642,-3469.517578,-3214.566162,143.989731
988,0,0.06263,0.071886,-4.314086,-3475.199951,-3200.527588,143.855408
989,0,0.065178,0.072395,-4.325204,-3480.57666,-3186.483643,143.691345
990,0,0.067116,0.07907,-4.335134,-3485.608154,-3172.287109,143.495575
991,0,0.067006,0.082564,-4.347912,-3490.285156,-3158.092041,143.777496
992,0,0.063017,0.079181,-4.35729,-3494.832031,-3143.82373,143.764969
993,0,0.071469,0.07959,-4.366888,-3499.055908,-3129.564697,143.326172
994,0,0.07393,0.077975,-4.378267,-3503.147949,-3115.31958,143.261124
995,0,0.067613,0.071953,-4.390632,-3506.931641,-3100.895996,143.57608
996,0,0.063332,0.078429,-4.400593,-3510.477295,-3086.813721,143.681152
997,0,0.06052,0.080999,-4.411978,-3513.840088,-3072.642822,143.956818
998,0,0.061128,0.081882,-4.422418,-3516.969727,-3058.435059,144.002533
999,0,0.063077,0.072772,-4.434492,-3519.949951,-3044.251709,144.271149
1000,0,0.074218,0.073094,-4.44558,-3522.977539,-3029.659912,144.322006
1001,0,0.073904,0.088582,-4.453582,-3525.765625,-3015.290039,144.367645
1002,0,0.082417,0.108781,-4.462986,-3528.414551,-3001.287598,144.454193
1003,0,0.08066,0.105145,-4.475356,-3530.828613,-2987.126465,144.499969
1004,0,0.080511,0.111591,-4.486061,-3532.922607,-2972.908691,144.254684
1005,0,0.084211,0.10963,-4.496473,-3535,-2958.642822,144.202011
1006,0,0.079764,0.106418,-4.508162,-3536.842041,-2944.463623,144.327957
1007,0,0.086135,0.106377,-4.519877,-3538.53125,-2930.216553,144.349503
1008,0,0.081786,0.106964,-4.53105,-3540.183838,-2916.043701,144.482819
1009,0,0.049286,0.07137,-4.545189,-3542.655273,-2901.866699,142.832184
1010,0,0.045338,0.059945,-4.557808,-3543.797607,-2887.494141,142.897934
1011,0,0.054891,0.078502,-4.566935,-3545.027588,-2873.520752,142.669281
1012,0,0.054852,0.06398,-4.577929,-3546.211426,-2859.073975,142.425323
1013,0,0.062402,0.07602,-4.584709,-3547.238281,-2845.106201,142.233063
1014,0,0.053608,0.062364,-4.593411,-3548.62915,-2830.807617,142.279419
1015,0,0.043274,0.051257,-4.598837,-3550.115479,-2816.867432,142.406113
1016,0,0.040063,0.024592,-4.603961,-3552.059326,-2802.372314,142.550476
1017,0,0.041995,0.038707,-4.606044,-3553.618164,-2788.091553,142.19812
1018,0,0.042305,0.0248,-4.604865,-3555.515869,-2774.075439,142.389633
1019,0,0.034216,0.023065,-4.605745,-3558.108398,-2760.249512,142.458038
1020,0,0.030876,0.029741,-4.605209,-3560.983398,-2746.518066,142.769485
1021,0,0.03315,0.042929,-4.604192,-3563.826416,-2732.965576,142.965332
1022,0,0.026116,0.023331,-4.606544,-3566.529785,-2718.775391,143.2034
1023,0,0.02239,0.00497,-4.606915,-3569.416992,-2704.580078,143.104385
1024,0,0.028759,0.026278,-4.606977,-3571.792236,-2690.467285,142.910385
1025,0,0.023925,0.010547,-4.604238,-3575.214844,-2676.526611,142.68222
1026,0,0.020079,-0.003637,-4.606151,-3578.23584,-2662.556396,142.894257
1027,0,0.025366,0.022599,-4.604722,-3581.207031,-2648.590576,142.715927
1028,0,0.024132,0.01597,-4.602952,-3584.39624,-2634.919189,142.780838
1029,0,0.022728,0.003824,-4.601573,-3587.795654,-2620.724365,142.858856
1030,0,0.020629,0.010684,-4.599129,-3591.166016,-2606.904297,142.945099
1031,0,0.020641,0.036248,-4.598757,-3594.021973,-2593.175537,143.173355
1032,0,0.010869,0.031907,-4.599964,-3597.469971,-2579.15625,142.933975
1033,0,-0.000198,0.016137,-4.600093,-3600.814209,-2565.295654,142.811035
1034,0,0.00914,0.015839,-4.597901,-3604.00708,-2551.199707,142.447479
1035,0,0.018987,0.029104,-4.594999,-3607.341553,-2537.464111,142.141342
1036,0,0.005021,0.021868,-4.596094,-3610.282715,-2523.449707,142.563873
1037,0,0.001185,0.01771,-4.594883,-3613.628662,-2509.535156,142.678268
1038,0,-0.004659,0.013792,-4.594228,-3616.791748,-2495.581299,142.945908
1039,0,0.00202,0.01358,-4.591577,-3619.856689,-2481.301758,142.797653
1040,0,-0.003463,0.012774,-4.587776,-3623.214844,-2467.513916,142.783936
1041,0,-0.007413,0.011823,-4.588408,-3626.256836,-2453.370361,142.912796
1042,0,-0.009672,-0.002689,-4.588661,-3629.483398,-2439.593262,143.286453
1043,0,-0.000106,0.013599,-4.585626,-3633.015625,-2425.484131,143.15358
1044,0,-0.003271,0.018118,-4.583986,-3636.503662,-2411.384277,143.418777
1045,0,-0.008177,0.019468,-4.582183,-3639.83667,-2397.496826,143.430161
1046,0,-0.020223,0.00879,-4.581551,-3643.131592,-2383.305176,143.598038
1047,0,-0.008233,0.015339,-4.578442,-3646.753906,-2369.379883,143.727844
1048,0,0.008228,0.057634,-4.572271,-3650.590576,-2355.261963,144.046143
1049,0,0.008172,0.063784,-4.571663,-3654.149658,-2341.125488,144.185974
1050,0,-0.001063,0.048073,-4.573368,-3657.526611,-2327.006104,144.408508
1051,0,-0.018613,0.033914,-4.575649,-3661.144043,-2313.373779,143.89978
1052,0,-0.002643,0.067715,-4.569079,-3665.147461,-2299.233643,144.491516
1053,0,-0.018964,0.066637,-4.568953,-3668.620117,-2285.016113,145.12471
1054,0,-0.020803,0.063938,-4.567982,-3672.329834,-2270.91748,145.373352
1055,0,-0.016116,0.06002,-4.566752,-3676.116211,-2256.768311,145.215668
1056,0,-0.020047,0.054429,-4.567138,-3679.814209,-2242.497559,145.287323
1057,0,-0.023317,0.016204,-4.570464,-3683.309326,-2228.753906,144.29245
1058,0,-0.016852,0.03474,-4.567061,-3687.359375,-2214.68335,144.347229
1059,0,-0.014777,0.045057,-4.56417,-3691.323975,-2200.781006,144.348236
1060,0,-0.024759,0.02434,-4.566391,-3694.720947,-2186.564453,144.726379
1061,0,-0.021932,0.031111,-4.565023,-3698.461914,-2172.430908,144.818054
1062,0,-0.008597,0.086838,-4.554882,-3702.999023,-2158.33374,145.572128
1063,0,-0.026002,0.066226,-4.557235,-3706.358643,-2143.960938,146.310547
1064,0,-0.029765,0.061298,-4.556108,-3710.102295,-2129.924805,146.512619
1065,0,-0.020204,0.066229,-4.55263,-3714.081543,-2115.940918,146.291779
1066,0,-0.023435,0.063571,-4.552369,-3717.953857,-2101.783447,146.279877
1067,0,-0.020355,0.070821,-4.550241,-3721.788086,-2087.707275,146.233002
1068,0,-0.041467,0.052461,-4.557481,-3724.559814,-2073.564941,146.739456
1069,0,-0.034519,0.042703,-4.553052,-3729.351807,-2060.211914,146.097549
1070,0,-0.034449,0.030364,-4.55389,-3733.398926,-2045.943237,147.014053
1071,0,-0.034506,0.037658,-4.551335,-3737.412354,-2032.09668,147.364105
1072,0,-0.036157,0.030462,-4.549624,-3741.395508,-2018.06189,147.746307
1073,0,-0.042521,0.035832,-4.547456,-3745.250244,-2004.254395,147.637726
1074,0,-0.059463,0.006765,-4.548657,-3748.888672,-1989.856445,147.988632
1075,0,-0.047819,0.002053,-4.548118,-3752.555664,-1976.133057,147.522446
1076,0,-0.044555,0.020316,-4.54704,-3756.590088,-1962.350464,147.701385
1077,0,-0.044411,0.041402,-4.545289,-3760.889648,-1948.856445,147.97052
1078,0,-0.044886,0.041146,-4.544419,-3765.066895,-1935.024902,147.990479
1079,0,-0.048625,0.016162,-4.544284,-3769.214111,-1921.044556,148.267517
1080,0,-0.034797,0.02374,-4.541842,-3773.020996,-1907.230591,148.414322
1081,0,-0.034287,0.020708,-4.540364,-3777.192383,-1893.367676,148.59819
1082,0,-0.038564,0.029274,-4.537292,-3781.674072,-1879.443359,148.92215
1083,0,-0.027334,0.042976,-4.533418,-3785.57251,-1865.598145,149.181198
1084,0,-0.030365,0.036091,-4.533159,-3789.539062,-1851.736084,149.390686
1085,0,-0.041618,0.035015,-4.533551,-3793.639404,-1837.677124,149.805054
1086,0,-0.033209,0.036182,-4.531729,-3797.734375,-1823.804199,149.847122
1087,0,-0.036168,0.032395,-4.535506,-3801.404053,-1809.85022,149.81044
1088,0,-0.013379,0.043341,-4.534169,-3805.590088,-1795.907715,149.220276
1089,0,-0.035346,0.038281,-4.538422,-3809.692627,-1781.465332,149.547058
1090,0,-0.020918,0.047833,-4.539824,-3813.140137,-1767.403687,149.218842
1091,0,-0.014933,0.045844,-4.546411,-3815.900879,-1752.852051,149.300705
1092,0,-0.00927,0.041642,-4.552534,-3818.86792,-1738.263794,149.580078
1093,0,-0.001892,0.04147,-4.557774,-3821.764404,-1723.78833,149.596619
1094,0,0.018879,0.077026,-4.559022,-3824.626465,-1709.532349,149.363174
1095,0,-0.002307,0.038557,-4.569379,-3826.131348,-1694.821777,150.416
1096,0,-0.004592,0.052768,-4.57574,-3828.428467,-1680.382324,150.130035
1097,0,-0.013478,0.037953,-4.581997,-3830.136475,-1665.726929,150.342621
1098,0,0.005754,0.04414,-4.588746,-3831.942627,-1650.802979,149.989853
1099,0,0.031597,0.060039,-4.596864,-3833.909424,-1635.917725,149.51004
1100,0,0.032765,0.044254,-4.608664,-3834.964844,-1620.94458,149.809326
1101,0,0.038178,0.064514,-4.615399,-3836.473145,-1606.303833,149.492264
1102,0,0.029776,0.081798,-4.627375,-3837.115234,-1590.838989,150.779999
1103,0,0.023314,0.073507,-4.638701,-3837.39917,-1575.819702,151.303345
1104,0,0.013425,0.054842,-4.648131,-3838.041992,-1561.043945,151.346024
1105,0,0.032929,0.074245,-4.653764,-3838.464111,-1545.77002,151.05481
1106,0,0.03518,0.077498,-4.664763,-3838.313477,-1530.798706,151.113205
1107,0,0.021191,0.06916,-4.680353,-3837.560059,-1515.472168,151.621979
1108,0,0.030674,0.081268,-4.691133,-3836.620605,-1500.614746,151.796371
1109,0,0.042822,0.079787,-4.69961,-3835.851074,-1485.79126,151.363113
1110,0,0.029394,0.066434,-4.710552,-3835.577637,-1470.681396,151.351456
1111,0,0.046032,0.10563,-4.723281,-3833.893555,-1455.612061,151.477173
1112,0,0.040501,0.064654,-4.734863,-3833.209717,-1440.505859,151.346893
1113,0,0.033142,0.064035,-4.748492,-3831.412842,-1425.478027,151.815094
1114,0,0.035491,0.070876,-4.758003,-3829.217773,-1410.471924,151.552826
1115,0,0.060801,0.111507,-4.765757,-3828.052002,-1395.648926,150.801208
1116,0,0.033317,0.074749,-4.781537,-3826.020508,-1380.598511,151.37085
1117,0,0.035888,0.083128,-4.797367,-3823.38916,-1365.625244,151.552322
1118,0,0.05294,0.096126,-4.805193,-3821.222168,-1350.746948,151.257187
1119,0,0.055104,0.098184,-4.815426,-3819.387451,-1335.544189,151.043182
1120,0,0.051138,0.085953,-4.828405,-3816.231689,-1320.611694,151.421097
1121,0,0.044674,0.081303,-4.841753,-3813.19458,-1305.782349,151.391464
1122,0,0.044807,0.086001,-4.85356,-3809.892578,-1290.750977,151.520355
1123,0,0.040301,0.095873,-4.867541,-3806.557617,-1275.985596,151.797531
1124,0,0.037389,0.090923,-4.879025,-3802.835205,-1261.322632,152.019119
1125,0,0.036333,0.085698,-4.893423,-3799.284668,-1246.671631,151.904922
1126,0,0.04615,0.101945,-4.899705,-3795.589111,-1232.076538,151.751236
1127,0,0.05107,0.088041,-4.914475,-3791.544678,-1217.151245,151.691086
1128,0,0.074081,0.111287,-4.919935,-3787.847168,-1202.864624,151.310776
1129,0,0.078753,0.100499,-4.943636,-3781.285645,-1188.095947,150.513474
1130,0,0.065692,0.091596,-4.954679,-3776.910156,-1173.819824,150.93631
1131,0,0.064799,0.079694,-4.966914,-3773.279785,-1158.971558,150.695724
1132,0,0.066452,0.076231,-4.979602,-3768.171875,-1144.414185,150.534882
1133,0,0.091008,0.113794,-4.99255,-3764.045654,-1129.723145,151.409027
1134,0,0.07179,0.042023,-5.007096,-3759.764893,-1115.629517,150.759521
1135,0,0.039702,0.071985,-5.013491,-3752.40332,-1101.409058,150.803452
1136,0,0.045717,0.084716,-5.027817,-3746.875244,-1087.23938,150.53978
1137,0,0.054935,0.085949,-5.038676,-3740.890381,-1073.079346,150.353088
1138,0,0.07686,0.074813,-5.052306,-3735.044678,-1058.928223,149.970306
1139,0,0.08514,0.07804,-5.062602,-3729.069092,-1045.089844,150.068573
1140,0,0.06561,0.055647,-5.078193,-3722.678467,-1031.140991,150.50563
1141,0,0.067027,0.090535,-5.089095,-3715.710693,-1017.762085,150.571472
1142,0,0.055707,0.076427,-5.105927,-3709.112305,-1003.682129,150.817337
1143,0,0.057947,0.065667,-5.115235,-3701.572754,-990.268188,151.225906
1144,0,0.061924,0.04952,-5.124777,-3694.66333,-976.85022,151.185745
1145,0,0.065156,0.053073,-5.137918,-3687.393311,-963.22052,151.106613
1146,0,0.072313,0.068404,-5.152491,-3680.196045,-949.878296,150.683624
1147,0,0.068773,0.070733,-5.164397,-3672.714355,-936.817749,150.875427
1148,0,0.073308,0.072275,-5.177999,-3664.519775,-923.296753,150.95462
1149,0,0.07859,0.062432,-5.188776,-3657.212891,-910.069641,150.320831
1150,0,0.067451,0.042297,-5.2001,-3648.829346,-896.943176,150.94577
1151,0,0.090872,0.069508,-5.209431,-3640.711182,-883.970093,150.912964
1152,0,0.11183,0.109156,-5.222834,-3633.186035,-871.11438,150.568314
1153,0,0.098803,0.089471,-5.235107,-3623.914307,-858.363098,151.417603
1154,0,0.116782,0.110396,-5.243799,-3615.13623,-845.615356,151.796967
1155,0,0.10057,0.074328,-5.258868,-3606.231445,-833.089722,151.432724
1156,0,0.111345,0.072665,-5.272161,-3596.997559,-820.417847,151.158585
1157,0,0.118504,0.070828,-5.283549,-3588.109863,-808.093567,150.974426
1158,0,0.116009,0.067756,-5.296346,-3578.904053,-795.836792,150.947067
1159,0,0.112896,0.07057,-5.310033,-3569.784424,-783.588501,150.92984
1160,0,0.134512,0.089884,-5.319587,-3559.867188,-771.543579,151.045715
1161,0,0.114473,0.077069,-5.332371,-3549.945557,-759.701538,151.307907
1162,0,0.11901,0.026217,-5.351578,-3540.713623,-747.795959,152.21257
1163,0,0.110997,0.018013,-5.363145,-3530.436279,-736.327026,152.430344
1164,0,0.110393,0.009323,-5.375347,-3520.074219,-724.86908,152.480972
1165,0,0.14071,0.077499,-5.378432,-3510.949463,-713.360779,150.888748
1166,0,0.147392,0.090096,-5.393263,-3499.148926,-702.233276,151.363068
1167,0,0.132712,0.057384,-5.402754,-3488.016113,-691.16272,151.336227
1168,0,0.122437,0.057862,-5.421324,-3477.479248,-680.151611,151.609344
1169,0,0.138565,0.066222,-5.430288,-3466.395752,-669.155457,151.25853
1170,0,0.129009,0.081951,-5.445672,-3455.397705,-658.324829,151.135132
1171,0,0.086822,0.014639,-5.459661,-3444.219238,-647.701843,151.186737
1172,0,0.142271,0.086835,-5.468322,-3432.591553,-637.176758,151.772141
1173,0,0.206972,0.109153,-5.472634,-3421.637939,-626.642639,150.798126
1174,0,0.181208,0.106172,-5.490285,-3409.711914,-616.46521,151.379135
1175,0,0.169463,0.072976,-5.503706,-3398.075439,-606.283264,151.166565
1176,0,0.176956,0.042491,-5.511683,-3386.395508,-596.150757,150.232941
1177,0,0.201741,0.077274,-5.525769,-3374.539307,-586.468628,150.125366
1178,0,0.194439,0.080612,-5.539948,-3362.131348,-576.577698,150.287537
1179,0,0.187789,0.085075,-5.553931,-3349.70752,-567.411072,150.840134
1180,0,0.19441,0.074722,-5.563366,-3337.76416,-558.157593,150.659882
1181,0,0.189993,0.082787,-5.577184,-3324.991943,-549.06073,151.246582
1182,0,0.174144,0.053179,-5.592976,-3312.192139,-540.108398,151.078949
1183,0,0.191358,0.076129,-5.606534,-3299.758789,-531.229309,150.612411
1184,0,0.204479,0.029315,-5.618123,-3286.640869,-522.009338,150.382584
1185,0,0.245364,0.057799,-5.626428,-3274.100342,-513.254333,150.326843
1186,0,0.316865,0.145532,-5.631288,-3261.22583,-504.9039,150.414459
1187,0,0.242495,0.112082,-5.651702,-3247.493652,-497.030121,150.820694
1188,0,0.165792,0.110233,-5.662837,-3234.405029,-489.344818,151.821594
1189,0,0.211313,0.176815,-5.673207,-3221.359375,-482.097321,152.750336
1190,0,0.267541,0.189323,-5.676112,-3208.581299,-474.414856,152.506927
1191,0,0.21608,0.12729,-5.697656,-3193.652344,-467.100098,152.992416
1192,0,0.156723,0.08941,-5.721305,-3179.184326,-460.219635,151.648819
1193,0,0.238427,0.121883,-5.729226,-3165.394287,-453.002838,152.013977
1194,0,0.178527,0.097754,-5.743417,-3152.356689,-445.425934,151.732758
1195,0,0.22531,0.152209,-5.755363,-3138.576172,-438.850586,151.355637
1196,0,0.281224,0.157973,-5.764105,-3124.056641,-431.319916,150.950851
1197,0,0.393731,0.293544,-5.759892,-3110.446289,-425.035797,150.85849
1198,0,0.223131,0.216245,-5.787931,-3095.80957,-419.188354,151.334869
1199,0,0.177592,0.234898,-5.802463,-3081.810791,-413.483032,151.71199
1200,0,0.094022,0.203746,-5.820403,-3066.983154,-408.046753,152.211212
1201,0,0.214056,0.278312,-5.82338,-3052.231201,-402.404327,152.438004
1202,0,0.168473,0.100066,-5.846043,-3039.394775,-396.643036,152.928711
1203,0,0.04965,0.024177,-5.868679,-3024.614014,-391.481628,153.373718
1204,0,0.24036,0.257409,-5.86221,-3008.349121,-385.886841,152.25296
1205,0,0.274753,0.290396,-5.87137,-2994.478027,-380.861908,152.303207
1206,0,0.295896,0.311067,-5.883404,-2979.474365,-376.17218,152.287766
1207,0,0.288469,0.299081,-5.895842,-2964.562988,-371.394104,152.193878
1208,0,0.257137,0.304425,-5.912197,-2949.911865,-367.178955,152.285843
1209,0,0.246999,0.147479,-5.930037,-2935.472168,-363.355194,153.200958
1210,0,0.371347,0.292211,-5.927948,-2919.794678,-359.117035,152.603973
1211,0,0.339987,0.079566,-5.95189,-2905.912842,-355.032959,153.605728
1212,0,0.260652,0.073188,-5.974188,-2890.077393,-351.344757,153.741898
1213,0,0.461538,0.333744,-5.958306,-2874.231689,-347.900024,152.707199
1214,0,0.465184,0.350941,-5.970615,-2859.535645,-344.603729,152.534485
1215,0,0.50267,0.36345,-5.980104,-2843.755859,-341.283783,152.353958
1216,0,0.593234,0.455026,-5.97909,-2829.003906,-338.093262,152.086411
1217,0,0.704583,0.553915,-5.969598,-2813.521973,-335.164642,151.878311
1218,0,0.710971,0.486416,-5.986762,-2797.549072,-332.599091,152.118881
1219,0,0.819805,0.561983,-5.977855,-2782.266113,-330.153107,152.265045
1220,0,0.666994,0.496313,-6.018911,-2766.726074,-327.92395,152.670532
1221,0,0.909859,0.642159,-5.980682,-2751.206055,-326.154266,152.42128
1222,0,0.886491,0.501537,-6.010727,-2735.485107,-324.599426,152.603836
1223,0,0.736493,0.437556,-6.053103,-2720.115967,-323.298706,152.973007
1224,0,0.769182,0.533498,-6.057134,-2704.471436,-321.944946,152.757965
1225,0,1.161941,0.685843,-5.986713,-2689.109619,-320.560089,153.065613
1226,0,1.327184,0.759342,-5.957427,-2673.584961,-319.524261,152.876022
1227,0,1.415962,0.745064,-5.952821,-2657.491211,-318.647614,153.061554
1228,0,1.769947,0.845586,-5.852283,-2642.161865,-317.843903,153.290176
1229,0,1.889852,0.973318,-5.811159,-2626.625732,-317.594604,153.3992
1230,0,1.383147,0.629033,-6.018473,-2610.938232,-317.387512,153.881134
1231,0,1.573207,0.913197,-5.948904,-2595.552246,-317.435364,153.779282
1232,0,2.698215,1.270312,-5.462637,-2580.158936,-317.500336,153.612396
1233,0,4.23905,1.468338,-4.308636,-2564.830566,-317.684998,153.373917
1234,0,4.336161,2.148109,-3.94133,-2548.671143,-318.728027,153.302856
1235,0,5.171492,2.453722,-2.504297,-2533.30957,-319.552948,153.538666
1236,0,5.634789,2.699322,-0.217591,-2517.495361,-320.682037,153.906189
1237,0,5.02506,2.200006,3.003213,-2501.466064,-322.134186,154.150391
1238,0,4.145321,1.423915,4.448918,-2486.232178,-323.785553,153.558685
1239,0,3.495285,1.289091,4.999291,-2470.340332,-325.290741,153.681976
1240,0,1.889526,0.646795,5.89657,-2455.042236,-327.122864,154.139328
1241,0,2.127333,0.362938,5.826124,-2439.665771,-328.915863,154.637283
1242,0,1.801136,0.349853,5.921937,-2424.266846,-331.273529,154.659821
1243,0,1.015807,0.044419,6.101601,-2408.369629,-333.578278,154.793411
1244,0,1.124485,0.136672,6.071466,-2393.600098,-336.384125,154.289566
1245,0,1.336062,0.152451,6.014705,-2377.693848,-339.302124,154.407455
1246,0,1.227222,0.19346,6.024008,-2362.35083,-341.983154,154.421951
1247,0,0.764708,0.105177,6.088645,-2347.240479,-345.259979,154.45845
1248,0,0.823988,0.07668,6.071205,-2331.567871,-348.144165,154.51619
1249,0,0.777875,0.027365,6.069376,-2316.042969,-350.926331,154.333298
1250,0,0.610303,-0.008088,6.080428,-2300.732422,-353.930206,154.278854
1251,0,0.58618,0.050775,6.077746,-2285.571777,-356.682281,154.382767
1252,0,0.4657,0.113839,6.084573,-2270.173584,-358.435333,155.017944
1253,0,0.352681,0.318417,6.080266,-2254.093994,-361.210602,155.327576
1254,0,0.257206,0.385631,6.079198,-2237.35376,-363.040985,155.983917
1255,0,0.053884,0.350469,6.082934,-2219.46875,-365.410187,155.895508
1256,0,0.123448,0.338584,6.085908,-2201.604248,-367.496033,155.672958
1257,0,0.144213,0.313305,6.089654,-2182.900391,-369.146576,155.473068
1258,0,0.115142,0.285069,6.091494,-2163.910156,-370.979156,155.572769
1259,0,-0.137557,0.289263,6.087851,-2144.411377,-373.257202,155.386169
1260,0,0.148476,0.471891,6.081138,-2124.410156,-374.602631,155.620041
1261,0,0.069412,0.512637,6.079402,-2104.290771,-376.114563,155.57756
1262,0,-0.034596,0.530651,6.07761,-2083.030273,-377.96228,155.666122
1263,0,-0.162012,0.534347,6.075234,-2061.361328,-379.839569,155.71434
1264,0,-0.165194,0.525352,6.078305,-2039.126587,-381.223267,155.741547
1265,0,-0.061369,0.498695,6.084044,-2016.319702,-382.650635,155.598007
1266,0,-0.109127,0.515217,6.085401,-1992.994995,-384.158478,155.501328
1267,0,-0.094192,0.520017,6.085761,-1969.240845,-385.607574,155.798355
1268,0,-0.013365,0.593768,6.082943,-1944.877563,-386.799683,156.03186
1269,0,-0.317247,0.537145,6.077777,-1920.240723,-388.82843,156.194611
1270,0,-0.193299,0.613516,6.079821,-1895.311523,-390.299316,156.253876
1271,0,-0.326224,0.590235,6.076344,-1869.566162,-392.002075,156.297012
1272,0,-0.281684,0.673982,6.071199,-1843.463135,-393.484131,156.525986
1273,0,-0.260688,0.71066,6.070225,-1817.31665,-394.94165,156.21167
1274,0,-0.248402,0.770377,6.064961,-1790.841797,-396.292572,156.076706
1275,0,-0.183302,0.754467,6.071424,-1764.354248,-397.695068,155.589951
1276,0,-0.372462,0.598034,6.079899,-1736.924683,-398.937927,155.556778
1277,0,-0.245666,0.551751,6.095357,-1709.240967,-400.349518,155.202621
1278,0,-0.235839,0.444152,6.106781,-1681.447876,-401.792877,154.790955
1279,0,-0.3044,0.380178,6.109057,-1653.203247,-403.156647,154.809708
1280,0,-0.3413,0.473436,6.102855,-1625.252319,-404.331268,155.023636
1281,0,-0.237013,0.59244,6.101061,-1597.131836,-405.766052,155.365463
1282,0,-0.488363,0.564064,6.090106,-1568.678711,-407.109741,155.628433
1283,0,-0.575348,0.5917,6.080922,-1539.803101,-408.394867,155.922928
1284,0,-0.572671,0.573348,6.081763,-1510.771118,-409.388977,156.053009
1285,0,-0.316011,0.742547,6.085724,-1482.626709,-411.184662,154.154846
1286,0,-0.394267,0.651806,6.092724,-1453.729248,-412.130554,154.242279
1287,0,-0.545437,0.513488,6.093379,-1424.171265,-412.741333,154.186646
1288,0,-0.520178,0.633615,6.085963,-1395.057129,-413.586914,153.857666
1289,0,-0.723787,0.600524,6.068617,-1365.305908,-414.143311,153.684601
1290,0,-0.471817,0.737532,6.082216,-1335.72522,-414.800323,153.362595
1291,0,-0.364109,0.817238,6.084718,-1305.977173,-415.287872,153.26564
1292,0,-0.533643,0.779401,6.080202,-1275.893799,-416.198364,153.513458
1293,0,-0.693439,0.754457,6.068787,-1245.820801,-416.901367,153.883469
1294,0,-0.7565,0.715274,6.06794,-1215.719727,-417.643524,154.192825
1295,0,-0.653582,0.702502,6.082382,-1185.384033,-417.89447,154.384399
1296,0,-0.677802,0.819663,6.067156,-1155.093506,-418.082275,154.672211
1297,0,-0.809055,0.76853,6.057447,-1124.579346,-418.420929,154.535126
1298,0,-0.570433,0.780636,6.086492,-1094.109741,-418.620483,154.386337
1299,0,-0.314174,0.745095,6.111659,-1063.186401,-418.669556,153.937744
1300,0,-0.223239,0.577424,6.136137,-1032.350464,-418.091492,153.213379
1301,0,-0.377385,0.38692,6.145169,-1001.264954,-418.191559,152.624161
1302,0,-0.604152,0.277066,6.136489,-970.304382,-418.522034,152.230011
1303,0,-0.868626,0.328178,6.103662,-939.438965,-418.77301,152.175064
1304,0,-0.916683,0.42162,6.092154,-908.58905,-418.817291,152.418976
1305,0,-0.82391,0.588041,6.093651,-877.808289,-418.557343,152.890915
1306,0,-0.853848,0.6899,6.080796,-846.866516,-418.116089,153.376694
1307,0,-0.790481,0.651002,6.095899,-815.832703,-417.833954,153.800522
1308,0,-1.028703,0.625403,6.06481,-784.67218,-417.46048,154.183548
1309,0,-0.978661,0.676543,6.070745,-753.465393,-417.029144,154.531723
1310,0,-0.785129,0.852437,6.077192,-722.587646,-416.116669,154.594299
1311,0,-0.597218,1.181437,6.046032,-691.526123,-415.135468,154.671417
1312,0,-0.741735,1.43035,5.977926,-660.495972,-414.546631,154.660583
1313,0,-1.166685,1.513312,5.891483,-629.311523,-414.093933,154.703995
1314,0,-1.417292,1.452188,5.853993,-598.041199,-413.622925,154.529892
1315,0,-1.234046,1.521066,5.881297,-566.643005,-412.838684,154.819687
1316,0,-1.34806,1.556271,5.849399,-535.381897,-411.851471,154.927963
1317,0,-1.50778,1.567692,5.808805,-504.052338,-410.808289,155.569519
1318,0,-1.701813,1.350062,5.812709,-472.848724,-409.721252,156.03447
1319,0,-1.862932,1.228595,5.792053,-441.263977,-408.483551,156.54361
1320,0,-1.617615,1.294344,5.855295,-409.74295,-407.159637,156.96196
1321,0,-3.046884,0.635297,5.3597,-377.324341,-405.580963,157.821716
1322,0,-3.195845,0.429201,5.294049,-345.806122,-404.249207,158.526367
1323,0,-3.453071,0.406425,5.129383,-314.264069,-402.888641,159.102936
1324,0,-1.661032,1.72354,5.745429,-281.170868,-400.692535,161.763428
1325,0,-1.860022,1.694265,5.693907,-249.653229,-399.106567,161.759018
1326,0,-1.911208,1.653597,5.691101,-217.965469,-397.477081,161.754913
1327,0,-2.06298,1.483707,5.686943,-186.197021,-395.771484,161.611877
1328,0,-2.226876,1.341288,5.661541,-154.454666,-393.827148,161.707932
1329,0,-1.958089,1.650853,5.682738,-123.024033,-391.793915,162.064682
1330,0,-1.769578,1.941072,5.654998,-91.549477,-389.462799,162.394287
1331,0,-1.966349,1.923769,5.597242,-59.802368,-387.187866,162.586975
1332,0,-2.313124,1.85009,5.491563,-28.128355,-385.099152,162.728073
1333,0,-2.274058,1.83032,5.518353,3.588643,-382.959595,162.884125
